destination,cabin_type,activity_interests_cultural,activity_interests_nature_outdoors,activity_interests_entertainment,activity_interests_shopping,activity_interests_recreation,activity_interests_nightlife,hotel_preferences,food_preferences_asian,food_preferences_european,food_preferences_american_latin,food_preferences_middle_eastern,food_preferences_african,food_preferences_caribbean,food_preferences_local_cuisine,user_id
10,2,0,0,0,1,0,1,1,0,0,0,0,1,1,1,170
4,4,1,1,0,1,0,1,2,0,1,0,1,0,1,0,115
7,4,0,0,0,0,0,0,3,0,0,0,0,1,0,0,139
2,2,1,1,1,0,1,1,3,0,0,0,0,0,0,1,113
7,1,0,0,0,0,0,0,1,0,0,0,1,0,0,0,166
7,4,1,0,0,0,0,1,3,0,0,0,0,0,0,0,165
2,4,0,1,1,1,1,1,3,0,0,0,0,0,0,0,53
9,4,0,0,0,1,0,0,2,0,0,0,0,0,0,0,145
4,2,1,1,0,1,0,1,2,0,1,0,1,0,1,0,34
7,4,1,0,0,0,0,0,2,0,0,0,0,0,1,0,66
4,2,0,1,0,1,0,1,3,0,1,0,1,0,1,1,94
7,4,0,0,0,0,0,0,3,0,0,0,0,0,1,0,55
6,4,0,1,0,1,0,1,1,0,1,0,1,0,1,0,77
1,4,1,1,1,1,1,1,1,0,0,1,0,0,0,1,48
4,4,0,1,0,1,0,1,2,0,1,0,1,0,0,0,176
4,3,0,1,0,1,0,1,3,0,0,0,1,1,1,0,51
1,3,0,1,1,1,1,1,3,0,0,0,0,0,1,0,53
5,3,0,1,0,1,0,1,1,0,1,0,1,0,1,0,77
9,3,0,0,0,0,1,1,3,1,0,1,1,0,0,1,121
10,2,0,1,0,0,0,0,3,0,0,0,0,0,0,0,4
1,4,1,1,1,0,1,1,3,0,0,0,0,0,0,0,95
9,2,1,0,0,0,0,0,3,0,0,1,0,0,0,0,64
10,2,0,0,1,0,0,1,1,0,1,1,0,0,0,0,45
6,4,0,0,0,1,0,1,3,0,1,0,1,1,1,1,191
10,4,0,0,0,0,0,0,2,0,1,1,0,0,0,0,137
2,1,1,1,1,1,1,1,3,0,0,0,0,0,0,0,12
6,4,0,1,0,1,0,1,3,0,1,0,1,0,1,0,74
3,3,1,1,1,1,1,0,1,1,1,1,1,0,1,1,187
2,1,1,1,1,0,1,1,1,0,0,0,1,0,1,0,193
5,1,1,1,0,1,0,1,1,0,1,0,1,0,0,0,118
3,4,1,1,1,1,1,0,2,1,1,1,0,1,1,1,187
3,2,0,1,1,1,0,0,1,1,1,1,0,1,1,1,152
1,1,1,1,1,1,1,1,2,0,0,0,0,0,1,0,38
4,1,0,0,1,1,0,1,3,1,1,0,1,1,1,0,109
6,4,0,0,0,1,0,1,3,0,1,0,1,0,1,0,57
3,1,1,1,1,1,1,1,3,1,1,1,1,0,1,1,134
8,4,0,0,0,0,0,0,2,0,0,1,0,0,0,0,137
7,4,0,1,0,0,0,0,2,0,0,0,0,0,0,0,30
6,4,0,1,0,0,0,1,1,0,1,0,1,0,1,0,77
3,4,1,1,1,1,1,1,3,1,1,1,1,0,0,1,126
4,1,0,1,0,0,0,0,2,0,1,0,1,0,1,0,177
10,4,0,0,0,0,0,0,2,0,0,0,0,0,0,0,27
2,3,1,1,1,1,1,0,2,0,0,1,0,0,1,0,164
1,2,1,0,0,1,1,1,2,0,0,1,1,0,0,0,61
8,4,0,1,1,0,0,0,2,0,0,0,0,0,0,0,142
2,4,1,1,1,1,1,1,3,0,0,0,0,0,0,0,25
5,3,0,1,0,1,0,1,1,0,0,0,1,0,1,0,77
1,1,1,0,1,1,1,0,2,0,0,0,0,0,1,1,113
1,3,1,0,1,1,1,1,1,1,1,1,1,0,0,0,98
8,1,1,0,0,0,1,0,3,1,0,0,0,0,1,0,163
8,4,1,1,0,0,0,0,2,1,0,0,0,0,0,0,146
1,2,1,1,1,1,1,1,2,0,0,0,0,0,0,0,12
7,4,1,0,0,0,0,0,3,0,0,0,0,1,0,0,139
5,4,0,1,0,1,0,1,2,1,1,0,1,0,1,0,133
4,2,0,1,0,1,1,1,3,0,1,0,1,0,1,0,81
9,1,0,0,0,0,0,0,2,0,1,0,0,0,0,0,19
7,4,0,0,0,0,0,0,3,0,0,0,0,0,0,1,69
9,2,0,0,0,0,1,0,2,0,0,0,0,0,1,0,36
6,3,0,1,0,1,0,1,3,0,1,1,1,0,1,0,89
5,4,0,1,0,1,1,0,2,0,1,0,1,0,1,0,186
8,4,0,0,0,0,0,0,3,0,0,0,0,0,0,0,16
5,4,1,1,1,1,0,1,3,0,1,0,1,0,1,0,115
8,3,0,0,0,0,0,0,1,0,1,0,0,0,0,0,110
6,2,0,1,0,1,0,1,2,0,1,0,1,0,1,0,26
10,4,0,0,0,0,1,0,1,0,0,0,0,1,0,0,84
9,1,0,0,0,1,0,0,1,0,0,0,0,0,0,0,63
5,1,1,1,0,1,0,1,3,0,1,0,1,0,1,1,94
8,3,0,1,0,0,0,0,1,1,0,1,0,0,0,0,33
4,1,0,1,0,1,0,1,2,0,1,1,1,0,1,0,172
8,1,0,1,0,0,0,0,3,0,1,0,0,0,0,0,19
7,4,1,0,0,0,0,0,3,0,0,0,0,0,0,1,22
5,4,0,1,0,1,0,1,1,0,1,0,1,1,1,0,17
7,3,0,0,1,0,0,0,1,0,0,0,0,0,0,0,123
6,1,0,1,0,1,0,1,3,0,1,0,1,0,1,1,94
4,3,0,1,0,1,0,1,3,1,1,0,0,0,1,0,133
4,2,1,1,0,1,1,1,1,0,1,0,0,1,0,0,127
8,2,1,0,0,0,0,0,2,0,0,0,0,0,0,1,22
2,1,1,1,1,1,1,1,3,0,0,0,0,0,1,0,38
3,1,0,1,1,1,1,1,3,1,1,0,1,1,1,1,15
9,4,0,0,0,0,1,0,2,0,0,0,0,0,0,0,160
4,2,0,0,0,1,0,1,1,0,0,0,1,0,1,0,75
4,3,0,1,0,1,0,1,3,1,1,0,1,0,1,0,133
8,3,0,0,0,0,0,1,3,1,0,1,0,0,0,0,121
8,4,0,0,0,0,0,0,3,0,0,0,0,0,0,1,69
9,2,0,0,1,0,0,0,2,0,0,0,0,0,0,0,123
8,4,0,1,1,0,0,0,2,0,0,0,0,0,0,0,142
9,1,0,0,0,0,0,0,1,0,0,0,1,0,0,0,166
1,4,1,0,1,1,1,0,1,0,1,0,0,0,0,0,5
1,4,0,1,1,0,1,1,3,0,0,0,0,0,0,0,53
9,2,0,0,0,0,0,0,2,0,0,0,0,0,0,0,102
8,3,0,1,0,0,1,0,2,1,0,0,0,0,0,0,32
9,2,1,0,0,0,0,0,2,0,0,0,0,0,1,0,66
2,1,1,1,1,1,0,0,3,0,0,0,0,0,0,0,158
2,1,1,1,1,1,1,1,3,1,0,0,0,0,1,0,3
10,1,0,0,0,0,0,0,1,1,0,0,0,0,0,0,13
9,1,0,1,1,0,0,0,1,0,0,1,0,0,0,0,33
2,4,1,1,1,1,1,1,2,0,0,0,0,0,1,0,83
6,2,0,1,0,0,0,1,1,1,0,0,1,0,1,0,100
8,4,0,0,0,0,0,1,2,0,0,0,0,1,0,0,31
10,4,0,0,0,0,0,0,3,0,0,0,0,0,0,0,16
2,4,1,1,1,1,1,1,2,1,0,0,0,0,0,1,198
1,3,1,0,1,1,1,1,2,1,0,0,0,0,0,1,198
1,4,0,1,1,0,1,1,3,1,1,0,0,0,1,0,151
7,4,0,0,0,0,0,0,2,0,0,0,1,0,0,1,69
5,1,0,1,0,1,0,1,3,0,1,0,1,0,1,0,26
4,2,0,1,0,1,0,1,1,0,1,1,1,0,1,0,172
2,3,1,0,1,1,1,0,2,0,1,0,0,1,0,0,183
5,2,0,0,1,0,0,0,3,0,1,0,1,0,0,0,122
4,2,0,1,0,1,1,1,3,0,1,0,1,0,1,1,94
1,2,1,1,0,0,0,1,3,0,0,0,0,0,0,0,199
2,3,1,1,1,1,1,1,2,1,0,1,0,0,1,0,98
7,1,0,0,0,0,0,0,3,0,0,1,0,0,0,0,64
6,3,1,1,1,1,0,1,3,0,1,0,1,1,1,0,136
9,3,0,1,0,0,0,0,3,0,0,0,0,1,1,0,97
4,2,0,0,0,1,0,1,1,0,1,0,1,0,1,1,94
5,2,0,1,0,1,0,1,3,0,0,0,1,0,1,0,9
6,4,0,1,0,1,0,1,3,0,0,0,1,0,1,0,9
2,4,1,1,1,1,1,1,1,0,0,0,0,0,0,0,29
3,4,1,1,1,1,1,1,3,0,1,1,1,1,1,1,114
8,4,1,1,1,0,1,0,2,0,1,0,0,0,0,1,168
9,4,1,0,0,1,1,0,2,0,0,0,0,0,0,0,47
6,3,1,1,0,1,0,1,3,0,1,0,1,0,0,1,8
6,3,0,1,1,1,0,1,2,0,1,0,1,0,1,0,41
4,1,0,1,0,1,0,1,2,0,1,0,0,0,1,0,143
4,1,0,1,0,1,0,1,1,0,1,0,1,1,1,0,17
8,2,0,1,0,0,0,0,1,0,0,0,0,0,0,0,30
4,2,0,1,0,1,0,1,3,0,1,0,1,0,1,0,74
5,1,1,1,0,1,0,1,3,0,1,0,1,0,1,0,34
6,1,1,1,1,1,0,1,3,0,1,0,1,0,1,1,94
1,4,1,1,1,1,0,0,1,0,0,0,0,0,1,0,164
10,1,1,0,0,0,0,0,3,0,0,0,0,0,0,0,35
10,4,0,0,0,0,0,0,2,0,0,1,0,0,0,0,137
3,3,1,1,0,1,1,1,2,1,1,1,1,1,1,0,174
2,4,1,1,1,1,1,1,3,0,0,0,0,0,0,1,108
2,1,1,1,1,1,1,0,3,0,0,0,0,0,1,0,164
6,4,0,1,1,1,0,1,1,0,1,0,1,1,1,0,17
10,1,0,1,1,0,0,0,1,0,0,0,0,0,0,0,161
10,3,0,0,0,0,0,0,1,0,0,0,1,0,0,0,18
9,3,0,0,1,0,0,0,3,0,0,0,0,0,0,0,42
8,3,0,0,0,0,0,1,2,0,1,0,0,1,0,0,31
7,1,1,0,1,0,0,0,2,0,0,0,0,0,0,0,111
1,4,1,1,0,1,1,1,1,0,0,0,0,0,1,0,29
9,1,0,0,0,1,0,0,2,0,0,0,0,1,0,0,50
1,2,0,1,1,1,1,1,3,0,0,0,0,0,0,1,101
8,1,0,1,1,0,0,0,3,0,0,0,0,0,1,0,122
3,2,1,1,1,1,1,1,2,1,1,0,1,1,1,1,15
2,1,1,1,1,0,1,0,1,1,0,1,0,0,0,0,163
7,4,0,0,0,0,1,0,3,0,0,0,0,0,0,0,160
1,3,1,1,1,1,1,1,3,0,0,0,0,0,0,0,25
2,3,0,1,1,1,1,1,2,0,0,0,0,0,0,0,53
9,2,0,0,0,0,0,0,3,0,0,0,0,0,1,0,55
4,1,0,1,0,1,0,1,3,0,1,0,1,0,1,0,26
2,4,1,1,1,0,0,1,1,0,1,0,0,0,0,0,76
6,3,0,0,0,1,0,1,3,0,1,0,1,0,1,0,57
2,4,1,1,1,1,1,0,3,0,0,0,0,0,0,0,6
5,4,0,1,0,1,0,1,3,0,1,0,1,0,1,0,74
2,3,1,1,1,1,1,1,1,0,0,0,1,1,0,0,127
9,3,0,0,0,1,0,1,3,0,0,0,0,0,0,0,145
2,4,1,1,1,1,1,1,2,0,0,0,0,0,0,0,29
9,1,0,0,0,0,0,0,3,0,1,0,0,0,0,0,19
3,2,1,1,1,1,0,1,1,1,1,1,1,1,1,1,130
4,3,1,1,0,1,1,0,3,0,1,0,1,0,0,0,167
4,2,0,1,0,1,0,1,3,1,1,0,1,0,1,0,133
6,4,0,1,0,0,0,1,3,0,1,0,1,0,1,0,87
10,3,0,0,0,0,0,0,1,0,0,0,0,0,0,0,18
7,3,0,0,0,0,0,0,3,0,0,0,0,0,0,0,16
9,4,0,1,1,0,0,0,2,0,0,1,1,0,0,0,142
7,1,1,0,0,1,1,0,2,0,0,0,0,0,0,0,47
2,3,1,1,0,1,1,1,3,0,0,0,0,1,0,0,49
9,3,0,1,0,0,0,0,3,0,1,1,0,1,0,0,52
6,4,0,1,0,1,0,1,3,0,1,0,1,0,0,0,176
1,3,1,1,1,1,1,0,3,0,0,0,1,1,0,0,49
10,2,0,0,0,0,1,0,2,0,0,0,0,0,0,1,80
9,3,0,0,0,0,0,1,3,0,0,0,0,0,0,0,16
2,2,0,1,1,1,1,1,3,0,0,0,0,0,0,0,53
7,2,0,0,0,0,1,1,3,0,0,0,0,0,0,0,153
5,1,0,1,0,1,0,1,1,0,0,0,0,0,1,0,70
7,3,0,1,0,0,0,0,2,0,0,0,0,0,0,1,194
2,4,1,0,1,1,1,1,3,0,0,0,1,0,1,0,83
9,3,1,0,0,0,1,1,3,0,0,0,0,0,0,0,165
7,4,0,0,0,0,0,0,3,1,0,0,0,0,0,0,68
3,2,1,1,1,1,1,0,2,1,1,1,1,0,1,1,190
9,1,0,0,0,0,1,1,3,0,1,0,0,0,0,0,153
6,2,0,1,0,1,0,1,2,1,1,0,1,0,0,0,144
5,1,0,1,0,1,0,1,3,0,1,0,0,0,1,0,143
3,3,0,1,1,1,1,1,3,1,1,1,0,1,0,1,195
10,2,0,0,0,1,0,0,1,0,1,0,0,0,0,0,110
9,2,0,0,0,0,0,0,3,0,1,1,0,0,1,0,192
6,4,0,1,0,0,0,1,1,0,1,1,1,0,1,1,28
6,3,0,1,1,1,0,1,1,0,1,0,1,0,1,0,41
5,4,0,1,0,1,0,0,3,0,1,0,1,0,1,0,74
5,1,0,1,0,1,0,1,1,0,1,0,1,0,1,1,94
7,2,0,0,0,0,0,0,2,0,0,0,1,1,0,0,106
5,3,0,0,0,1,0,0,1,0,0,1,1,0,1,1,107
1,2,1,1,1,1,1,1,2,0,0,1,0,0,0,0,48
3,3,1,1,1,1,1,1,3,1,1,1,0,1,1,1,7
6,4,0,1,0,1,0,0,1,0,1,0,0,0,1,0,44
3,2,1,1,0,1,1,1,1,0,0,1,1,1,1,0,120
1,3,1,1,1,1,1,0,2,1,0,0,0,0,0,0,125
8,3,0,0,1,0,0,0,2,1,0,0,0,0,0,0,13
10,2,0,0,0,0,0,0,3,0,0,0,0,0,0,0,4
5,2,0,1,0,1,0,0,2,1,1,0,1,0,0,0,144
2,4,1,1,1,1,0,0,3,0,0,1,0,1,0,0,49
4,2,0,1,1,1,0,1,3,1,1,0,1,0,1,0,91
3,1,1,1,1,1,1,1,3,1,1,1,1,1,1,1,134
2,4,1,1,1,1,1,1,3,0,0,0,0,0,0,0,25
8,4,0,0,0,1,0,0,2,0,0,0,0,0,0,0,145
7,1,0,0,0,0,0,0,2,0,0,0,0,0,1,0,55
6,1,0,1,0,1,0,1,2,0,1,0,1,0,1,0,26
4,3,0,1,0,0,0,1,3,0,1,0,1,1,1,0,51
9,2,0,0,0,0,0,0,1,0,0,0,0,0,1,0,184
1,4,1,1,1,1,0,1,1,0,0,0,0,0,0,0,29
3,2,1,1,1,0,1,1,2,1,1,0,1,1,0,1,15
1,2,1,1,1,1,1,1,2,0,0,0,0,0,0,0,12
2,2,1,1,1,1,1,1,3,0,0,0,0,1,0,0,127
9,1,0,0,0,1,0,1,2,0,0,0,1,0,0,0,67
6,3,0,1,0,0,1,1,3,0,1,0,0,0,1,0,87
2,3,1,1,1,1,1,1,1,0,0,0,0,1,0,0,127
1,2,0,1,1,0,1,0,2,0,0,0,0,0,0,0,142
7,4,0,0,0,0,0,0,3,0,0,0,0,0,1,0,55
3,1,1,1,0,1,0,1,3,0,1,0,1,1,1,1,191
1,3,1,1,1,1,1,0,3,0,0,0,0,0,0,0,6
2,3,1,1,1,0,0,1,2,0,1,0,0,0,0,0,76
6,3,0,1,0,1,0,1,3,0,1,1,1,0,1,0,89
9,1,0,0,0,0,0,0,2,0,0,0,0,0,0,1,37
10,2,1,0,0,1,0,0,1,0,0,0,1,0,0,0,185
1,4,1,0,1,1,1,1,1,0,0,0,0,0,0,0,5
2,1,1,1,1,1,1,1,3,1,0,0,1,0,0,0,3
9,2,0,0,1,0,0,0,1,0,0,0,0,0,0,1,37
3,3,1,1,1,1,1,1,3,1,1,1,0,1,1,1,7
10,2,0,0,0,0,0,0,2,0,0,0,0,0,0,0,102
4,1,1,1,0,0,0,1,2,0,0,1,1,0,1,0,14
9,4,0,0,0,0,0,0,1,0,0,0,1,0,0,0,18
8,4,0,1,0,0,0,0,2,0,0,0,0,0,0,1,194
9,4,0,0,0,0,0,0,2,0,0,0,0,0,0,1,69
2,1,1,1,1,1,1,1,2,0,0,0,0,0,0,0,12
6,2,0,1,0,1,0,1,1,1,1,0,0,0,1,0,11
1,4,1,1,1,1,1,1,1,0,0,0,0,0,0,1,82
7,3,0,0,0,0,0,0,2,0,0,0,0,0,0,0,27
2,4,1,1,1,1,1,1,2,1,0,0,0,0,0,0,78
1,3,1,1,1,1,0,1,3,0,1,0,0,0,1,0,24
8,1,0,0,0,0,0,1,3,0,0,0,0,0,0,0,4
5,4,0,0,0,1,0,1,3,0,1,0,1,0,0,0,57
2,4,1,1,1,1,1,1,3,0,0,0,0,0,0,0,25
7,1,0,0,0,1,0,0,3,0,0,0,0,0,0,0,145
4,1,0,0,0,0,0,1,2,0,0,1,0,0,1,0,192
3,3,1,1,1,1,1,1,1,1,1,1,1,1,1,1,141
10,4,0,0,0,0,0,0,3,0,0,0,1,0,0,0,16
4,4,1,1,0,1,1,1,2,0,1,1,1,0,1,0,10
7,1,0,0,0,0,0,0,3,0,0,0,0,0,0,0,4
6,3,0,1,0,1,1,0,1,0,1,1,1,0,1,0,10
2,4,1,1,1,1,1,1,3,1,0,0,0,0,0,0,78
6,2,1,1,0,1,0,1,2,0,1,0,1,0,0,0,34
5,4,0,1,0,1,0,1,2,0,1,0,1,0,1,0,77
7,3,0,1,0,0,0,0,2,0,0,0,0,0,0,0,30
6,3,0,1,0,1,0,1,3,1,1,0,1,0,1,1,131
1,3,1,1,0,1,1,0,3,0,0,0,0,0,0,1,156
3,4,0,1,1,0,1,0,2,1,0,1,1,0,1,1,190
10,2,0,0,0,0,0,1,3,0,0,0,0,0,1,0,55
7,1,1,0,0,0,0,0,3,0,0,0,0,0,0,0,35
3,1,1,0,0,1,1,0,3,1,1,1,1,1,1,0,174
10,4,0,0,0,0,0,0,2,0,1,0,0,0,0,1,69
3,4,1,1,1,1,1,1,2,1,1,1,1,1,1,1,20
8,4,1,0,0,0,0,0,3,0,0,0,0,0,0,0,112
6,1,0,0,0,1,0,1,2,0,1,0,1,0,1,0,75
8,2,0,0,0,0,0,0,1,0,0,0,0,0,0,0,18
3,4,1,1,0,1,1,1,1,1,1,1,1,0,1,1,90
3,1,1,1,1,1,1,1,3,1,1,1,1,1,1,1,134
5,4,1,1,0,0,0,1,2,0,0,0,1,0,1,0,14
6,2,0,1,0,1,0,0,2,0,1,1,1,0,1,0,172
7,3,0,1,0,0,0,0,1,0,0,1,0,0,0,0,33
10,4,0,1,0,0,0,0,2,0,0,0,0,0,0,0,30
4,2,0,1,1,1,0,1,1,1,1,0,1,1,1,0,91
8,3,0,0,0,1,0,0,3,0,0,1,1,0,1,0,192
10,3,1,0,0,0,1,0,1,0,0,0,0,0,0,0,47
10,4,1,0,0,0,0,0,3,0,1,0,0,0,0,0,79
3,2,1,1,1,1,1,1,2,0,1,1,1,0,0,1,56
4,3,1,0,0,1,0,1,3,0,1,0,1,0,1,1,200
8,4,0,0,0,0,0,0,2,0,0,0,0,0,0,0,27
1,4,1,1,1,1,1,1,3,0,0,0,0,0,0,0,25
10,3,0,1,0,0,0,0,1,0,0,0,1,0,0,0,30
7,2,1,0,0,0,0,0,3,0,0,0,0,0,0,0,35
3,3,1,1,1,1,1,1,3,1,1,1,1,1,1,1,126
7,1,1,0,0,0,1,0,2,0,0,0,0,0,0,0,47
7,1,1,0,1,1,0,0,3,0,1,1,0,0,0,0,183
1,2,0,1,1,1,1,1,2,0,0,0,1,0,0,0,54
2,1,1,1,0,1,1,1,2,0,0,0,0,0,1,0,38
9,1,0,1,0,0,1,0,2,0,0,0,0,0,0,0,188
2,3,1,1,1,0,1,1,3,0,0,0,0,0,1,0,83
3,2,1,1,0,1,0,1,2,1,1,1,1,0,1,1,90
7,3,0,0,0,0,0,0,1,0,0,0,0,0,0,0,18
8,3,1,0,0,0,0,0,3,0,0,0,0,0,1,0,66
7,3,0,0,0,0,0,0,3,0,0,0,0,0,0,0,16
8,2,0,0,0,0,0,1,2,0,0,0,0,0,0,0,154
1,2,1,1,1,1,1,1,2,0,0,0,0,0,0,0,12
5,2,0,1,0,1,0,1,2,0,1,0,1,0,1,0,26
2,3,1,1,1,1,0,0,2,1,0,0,0,1,1,0,125
9,4,0,0,0,1,0,0,2,0,0,0,0,0,0,0,145
9,1,0,0,0,1,0,0,3,0,0,0,0,0,0,0,145
3,4,1,0,1,1,1,1,3,1,1,1,1,1,1,0,174
3,4,0,1,1,1,1,1,2,1,1,1,1,1,0,0,72
4,2,0,1,0,1,1,0,1,0,1,0,1,0,0,0,2
10,4,0,0,0,0,0,0,2,0,0,0,0,0,0,0,27
7,1,0,0,0,0,0,0,2,1,0,0,0,0,0,1,103
1,3,1,1,1,1,1,0,3,0,0,0,1,0,0,0,6
10,2,0,0,0,0,0,1,3,0,1,0,1,0,0,0,67
6,4,0,1,0,1,0,1,3,0,1,0,1,0,1,0,74
7,4,0,0,0,0,0,0,3,0,1,0,0,1,1,0,97
5,3,1,1,0,1,0,1,1,0,0,0,1,0,1,0,34
2,4,1,1,1,1,1,1,3,0,0,0,0,0,1,0,83
6,1,0,1,0,1,0,1,2,0,1,0,1,0,0,0,118
8,4,0,0,1,0,0,0,2,0,0,0,1,0,0,1,69
6,2,0,1,0,1,0,1,2,0,0,0,1,0,1,1,94
5,2,0,1,1,1,0,1,1,0,1,0,1,0,0,0,118
6,3,0,1,0,1,0,1,3,1,1,0,0,0,1,0,133
2,1,1,1,1,1,1,1,1,0,0,0,0,0,0,0,12
8,1,0,1,1,0,0,0,3,0,0,0,1,0,0,0,122
8,3,0,0,0,0,0,0,3,1,1,0,0,0,0,0,68
9,2,0,0,1,0,0,1,2,0,0,0,0,0,0,1,138
8,2,0,0,0,0,1,1,2,0,0,0,0,0,0,0,153
2,3,1,1,0,1,0,1,1,0,0,0,1,0,0,0,118
9,1,0,1,0,0,0,0,2,0,0,1,0,0,0,0,173
3,3,1,1,1,1,0,1,1,1,1,0,1,1,1,1,15
4,2,0,1,0,1,0,1,2,0,1,0,1,0,0,0,118
2,4,1,1,1,0,1,1,3,0,1,0,0,0,0,1,168
1,2,1,0,1,1,0,1,1,0,1,0,0,0,0,0,189
10,2,0,0,0,1,0,0,2,0,0,0,0,0,0,0,145
2,3,1,0,1,0,1,1,3,0,0,1,0,0,0,0,148
8,2,0,0,0,0,0,0,1,0,0,0,0,1,0,0,65
5,2,1,0,1,0,0,1,1,0,1,0,1,0,1,0,14
1,3,0,1,1,1,1,1,1,0,0,1,1,0,0,0,178
2,4,0,1,1,1,1,1,2,1,0,1,0,1,1,0,152
8,3,0,1,0,0,0,0,1,0,0,0,0,0,0,0,30
1,3,1,1,1,1,0,1,3,0,0,1,0,0,0,0,104
3,4,1,1,1,0,1,1,1,0,1,1,1,1,1,0,56
9,2,0,1,0,0,0,0,3,0,1,0,0,0,0,0,19
1,2,1,0,1,0,1,1,3,0,0,0,0,0,0,0,165
1,3,1,1,1,0,1,0,3,0,0,0,0,0,0,0,6
6,1,0,1,0,1,0,1,2,0,1,0,1,0,0,0,118
9,2,0,0,0,1,0,0,3,0,1,0,0,0,0,0,105
7,4,0,0,0,0,0,0,3,0,0,0,0,0,0,0,16
4,4,0,0,0,1,0,0,1,0,1,0,1,0,1,1,28
10,1,1,0,0,0,0,0,3,0,0,0,0,0,0,1,22
1,3,1,1,1,1,1,1,3,0,0,0,1,0,0,0,54
3,4,1,1,1,1,0,1,3,1,1,0,1,1,0,1,15
8,3,0,0,0,0,0,0,1,0,1,0,0,0,0,1,37
5,1,1,1,0,1,0,0,1,0,1,0,1,0,0,0,21
10,3,0,0,1,0,0,0,1,0,0,0,0,0,0,0,123
8,4,0,0,0,0,0,0,3,0,0,0,0,0,0,0,16
4,1,0,1,0,1,0,1,3,0,1,0,0,1,1,0,143
3,1,1,1,1,0,0,1,3,1,1,1,1,1,1,1,62
5,3,1,1,0,1,0,1,1,0,0,1,1,0,1,0,120
7,3,0,0,0,0,0,1,2,0,0,1,0,0,0,0,45
8,3,0,0,0,0,0,0,1,1,0,0,0,0,1,0,128
5,4,0,1,0,1,0,1,2,0,1,0,1,0,1,0,77
2,1,1,1,1,1,1,1,3,1,0,0,0,0,0,0,3
9,2,0,0,0,0,0,0,2,0,0,0,0,0,0,0,102
9,2,0,0,0,0,0,0,3,1,1,0,0,0,0,0,68
7,4,0,0,0,0,0,1,3,0,0,0,1,1,0,0,106
6,3,0,0,0,1,0,1,2,0,0,0,1,1,0,1,170
5,4,1,1,0,0,0,1,3,0,1,0,1,0,0,0,115
3,2,1,1,1,1,1,1,2,1,1,1,0,1,0,1,7
3,3,1,0,1,1,1,1,3,0,1,0,1,1,1,1,114
2,4,1,0,1,1,1,1,2,0,0,0,0,0,0,0,5
4,1,0,1,0,0,0,1,3,0,1,0,1,0,1,1,94
2,3,1,0,1,1,1,1,1,0,0,0,0,0,0,0,5
9,2,1,1,0,0,0,1,1,0,0,0,0,0,1,0,100
2,4,1,1,0,1,1,1,3,0,0,0,0,0,0,0,156
6,1,0,1,0,1,0,1,2,0,1,0,1,0,1,0,26
5,3,0,1,0,1,0,0,1,1,1,0,1,0,1,0,159
8,1,0,0,0,0,0,0,3,0,0,0,0,0,0,0,4
9,1,0,1,0,0,0,0,2,0,1,0,0,0,0,0,19
2,1,1,1,0,0,1,1,1,0,0,0,0,0,0,0,157
9,4,0,1,0,1,0,0,1,0,0,1,0,0,0,0,33
8,2,0,0,0,1,0,0,2,0,0,0,0,0,0,0,145
8,3,0,0,1,0,0,1,2,0,0,1,1,0,0,0,45
2,4,1,1,1,1,1,0,2,0,0,0,0,1,0,0,49
9,1,0,1,0,0,0,1,3,0,1,0,0,0,0,0,19
10,2,0,0,0,0,0,0,3,0,0,0,1,0,0,1,22
7,3,0,1,0,0,1,0,1,1,0,0,0,0,0,0,32
7,4,0,0,0,0,1,0,3,1,1,0,0,0,0,0,68
3,2,1,1,1,0,0,1,2,1,0,1,1,1,1,1,130
3,3,1,1,1,1,1,1,1,1,1,1,1,1,1,0,72
9,4,0,0,0,0,1,0,2,0,0,0,0,0,0,0,160
7,4,0,0,0,0,0,0,2,0,0,0,0,0,0,0,27
4,2,0,1,0,1,0,1,2,1,1,0,1,0,1,0,11
2,4,0,1,1,1,1,1,3,0,0,0,0,1,0,0,49
7,1,0,0,0,0,0,0,3,0,0,0,0,0,1,1,39
2,2,1,1,1,1,1,1,2,1,0,0,1,0,0,0,3
8,4,1,0,0,0,0,0,3,0,1,0,0,0,0,0,79
9,4,0,0,0,0,0,0,2,0,1,0,0,0,0,1,69
9,2,0,0,0,1,0,0,1,1,0,1,0,0,0,0,150
1,3,1,1,1,1,1,1,1,0,0,0,0,1,1,0,127
4,4,0,1,0,1,0,0,2,0,0,0,1,0,1,0,44
5,1,0,1,0,1,0,1,3,0,1,0,1,0,1,0,26
4,2,0,1,1,1,0,1,2,1,1,1,1,0,1,0,91
7,4,0,0,0,0,1,0,3,0,0,1,0,1,0,0,179
9,1,0,0,0,0,0,0,1,0,0,0,0,0,0,0,102
1,2,1,0,1,1,0,1,2,0,0,1,0,0,1,0,61
2,1,1,0,1,0,1,0,3,0,0,1,0,0,0,0,148
4,1,0,1,0,1,1,1,1,0,1,0,1,1,1,0,17
3,4,0,1,1,0,1,1,3,1,1,1,1,1,1,1,195
1,2,1,0,0,1,1,1,2,0,0,0,0,0,0,0,157
4,1,1,0,0,1,0,1,2,0,0,1,1,0,0,0,61
1,4,1,1,1,1,1,0,3,0,0,0,1,0,0,1,108
6,1,0,1,0,0,0,0,2,0,1,0,1,1,1,0,182
10,4,0,0,0,0,0,0,2,0,0,1,0,0,0,0,137
5,4,0,1,0,1,0,1,3,0,1,0,1,0,1,0,74
6,2,0,1,0,1,0,1,2,0,1,0,1,0,1,1,94
7,3,0,0,0,1,1,1,1,0,0,0,0,0,1,0,63
4,1,0,1,0,1,0,1,2,0,1,0,0,1,1,0,143
5,3,1,1,0,1,0,1,1,0,1,0,1,0,1,1,28
9,2,0,0,0,1,0,0,3,0,0,0,0,1,0,0,50
5,4,0,0,0,1,0,1,3,0,1,0,1,0,1,1,200
2,4,1,1,1,1,1,1,3,0,0,0,0,0,0,0,25
7,3,0,0,0,0,0,0,3,0,0,0,0,0,0,0,16
2,3,1,1,1,1,1,1,2,0,1,0,0,0,0,0,140
1,3,1,1,1,0,1,0,2,1,0,0,0,0,0,0,125
1,3,1,1,1,1,1,0,3,0,0,1,1,0,0,0,104
9,2,0,0,0,0,0,0,2,0,0,1,0,1,0,0,52
2,1,1,1,1,1,1,0,2,0,0,0,0,0,0,0,158
1,3,1,1,1,0,1,1,2,0,0,0,0,0,0,1,92
7,4,0,0,0,1,0,0,3,1,0,0,0,0,0,0,99
3,4,1,1,1,1,1,0,3,1,1,1,1,1,0,1,126
7,1,1,0,0,0,1,0,3,0,0,0,1,0,0,0,47
9,2,1,1,0,0,0,0,1,0,0,0,0,1,1,0,65
7,1,0,0,0,0,0,0,3,0,0,0,0,0,0,0,4
6,4,0,0,0,1,0,1,1,0,1,0,1,0,1,0,77
6,3,0,1,1,1,0,1,2,0,1,1,1,0,1,0,89
7,1,0,0,0,0,1,0,3,0,0,0,0,1,0,0,188
2,4,0,1,1,1,1,1,3,0,0,1,0,0,0,0,23
8,3,0,0,0,0,0,0,3,0,1,0,0,0,0,0,79
7,4,0,0,0,0,0,0,1,0,0,0,0,0,0,0,18
1,1,1,1,1,1,1,1,2,0,0,0,0,0,0,0,12
10,4,1,1,0,0,0,1,2,0,1,0,0,0,0,0,76
10,4,0,0,0,1,1,1,3,0,0,0,0,0,0,0,165
6,4,0,1,0,1,0,1,3,1,1,1,1,0,0,1,131
4,3,0,1,0,0,0,1,3,0,1,0,0,0,1,0,87
2,4,1,0,1,1,1,0,3,0,0,0,0,0,0,0,6
8,4,1,0,0,0,0,0,2,1,0,0,0,0,0,1,149
4,4,0,1,0,1,0,1,2,0,1,0,1,0,1,0,77
5,4,0,1,0,1,0,0,2,0,1,1,1,0,1,0,89
7,1,0,0,0,0,0,0,2,0,0,0,0,0,1,0,55
5,4,1,0,0,1,1,1,3,0,0,0,1,1,1,0,49
8,3,0,1,0,1,0,0,3,0,0,0,0,0,0,0,145
2,3,1,1,1,0,1,1,1,0,0,0,0,0,0,0,95
4,2,0,1,0,1,0,1,3,0,1,0,1,0,1,0,74
7,3,0,0,0,0,0,0,2,0,1,0,0,0,0,0,110
2,3,1,1,1,0,1,1,3,0,0,0,0,0,0,0,95
7,1,0,0,0,0,1,0,1,0,1,0,0,0,0,1,80
1,1,1,1,1,1,1,1,2,0,0,1,0,1,0,0,127
7,3,0,1,0,0,0,0,2,0,1,0,0,1,1,0,97
2,3,1,0,1,1,1,1,1,0,0,0,0,0,0,0,5
6,4,1,1,0,1,1,1,3,0,0,0,1,0,1,0,83
10,4,0,0,1,0,0,0,1,0,1,0,0,0,0,0,123
8,3,1,0,0,0,0,1,1,0,0,0,0,0,0,0,154
4,2,0,1,0,1,0,1,1,0,1,0,1,0,1,0,26
9,1,0,0,1,0,1,0,2,0,1,0,1,0,0,1,80
8,1,0,0,1,0,0,1,3,0,0,0,0,0,0,0,122
2,3,1,1,1,1,1,1,2,0,0,0,0,0,0,0,12
5,4,0,0,1,1,1,0,2,0,1,1,0,0,1,0,183
5,2,0,1,0,1,0,1,3,1,1,0,1,1,1,0,109
2,3,1,1,1,1,1,1,1,0,1,1,0,0,0,0,48
6,3,0,1,0,1,0,1,1,0,1,0,1,0,1,0,77
5,2,0,1,0,1,0,1,2,1,1,0,1,1,1,0,109
2,4,1,1,1,0,1,1,3,0,0,0,0,0,1,0,83
1,3,1,1,1,1,1,1,3,1,0,0,0,0,0,1,198
4,2,0,1,0,1,0,1,3,0,1,0,1,0,1,0,74
1,4,1,1,1,1,1,1,1,0,0,0,0,0,0,1,82
5,2,0,1,0,1,0,1,1,0,1,0,1,0,1,0,26
2,1,1,1,1,1,1,0,2,0,0,0,0,0,0,0,158
1,3,1,1,1,1,0,1,3,0,1,0,0,0,0,1,168
3,1,1,1,1,1,1,0,3,1,0,1,0,1,1,1,7
7,4,1,0,0,1,0,0,1,0,0,0,0,0,0,0,112
9,1,0,1,1,0,0,0,1,0,0,0,0,0,0,0,161
2,3,1,1,1,1,1,1,1,0,0,0,1,0,0,0,54
4,2,0,1,0,1,0,1,2,0,1,0,1,0,1,0,26
1,3,1,1,1,1,1,1,2,0,0,0,0,0,0,0,12
1,2,1,1,1,1,0,1,2,0,1,0,0,0,0,0,140
8,2,1,0,0,1,0,0,2,0,0,1,0,0,0,0,61
9,2,0,0,1,0,0,0,1,1,0,0,0,0,0,0,13
7,2,1,0,0,0,1,0,3,1,0,0,0,0,0,0,163
4,3,0,1,0,1,0,1,3,0,0,0,1,0,1,0,9
3,2,1,1,1,1,1,1,1,0,1,1,1,1,1,1,56
7,4,0,0,0,0,0,0,3,0,0,0,1,1,0,0,106
7,4,0,0,0,0,0,0,3,0,0,1,0,0,0,0,137
2,4,0,1,1,0,1,1,3,0,0,1,0,1,0,0,117
4,1,0,0,1,1,0,1,3,0,1,0,1,0,1,0,75
2,1,1,1,0,1,1,1,3,0,0,0,0,1,0,0,127
3,4,1,0,1,1,1,0,3,0,1,1,1,1,1,1,114
8,4,0,1,0,1,0,0,3,0,1,0,0,0,0,0,105
1,2,1,1,1,0,1,1,2,0,0,0,0,0,0,0,95
10,3,1,1,0,0,1,0,1,0,0,0,0,0,1,0,36
2,3,1,1,1,1,1,1,2,0,0,0,0,0,0,0,12
4,2,0,1,1,1,0,1,2,0,1,0,1,0,1,0,41
2,3,1,1,1,1,1,1,2,0,0,0,0,0,0,1,82
7,4,0,0,0,0,0,1,3,0,0,1,0,0,0,1,196
3,4,1,1,1,1,1,1,2,1,1,1,1,1,1,1,20
8,4,0,0,0,1,0,0,1,0,0,0,0,1,0,0,139
5,4,0,1,0,1,1,1,1,1,1,0,1,0,0,0,116
9,2,0,1,0,1,0,0,3,0,0,0,0,1,0,0,50
4,2,0,0,1,1,0,0,2,0,1,0,0,0,0,0,189
1,3,1,1,1,1,1,1,2,0,0,0,0,0,0,0,12
7,3,0,0,0,0,0,0,1,0,0,1,0,1,0,0,52
8,1,0,0,0,0,1,1,3,0,0,0,1,0,1,0,153
10,1,0,0,0,0,0,0,3,0,0,0,0,0,1,0,55
8,4,0,1,1,0,0,0,2,0,0,0,0,0,0,1,194
2,4,1,1,1,1,0,1,2,0,0,0,1,0,0,0,54
10,1,0,1,0,0,0,0,3,1,1,0,0,1,0,1,171
6,4,0,0,0,1,0,1,1,0,0,0,1,0,0,0,63
5,1,0,1,1,1,0,1,1,1,1,0,1,0,1,0,91
5,2,0,1,0,1,0,1,1,0,1,1,1,0,1,1,172
3,2,1,1,1,0,1,1,1,1,1,1,0,1,1,1,141
7,1,0,1,0,0,0,0,1,0,0,0,0,0,0,0,30
10,4,0,0,0,0,0,0,3,1,1,0,0,0,0,0,68
9,1,0,1,0,0,0,0,1,0,0,0,1,1,0,0,182
2,1,1,0,0,1,1,1,2,0,0,0,0,0,0,0,157
5,4,0,1,0,1,0,1,3,0,1,0,1,0,1,0,74
8,1,0,1,1,0,0,1,3,0,1,0,0,1,0,0,180
6,1,1,1,0,1,0,0,2,0,1,0,1,0,0,0,21
9,2,0,0,0,0,0,1,3,0,1,0,0,0,1,0,55
1,4,0,0,1,1,1,1,3,0,0,0,0,0,1,1,101
9,1,0,0,1,1,0,0,2,0,0,0,0,0,0,0,189
4,2,1,1,0,1,0,1,3,0,1,0,1,0,1,0,34
4,2,0,1,0,1,0,1,2,1,1,0,1,0,1,0,11
1,1,1,1,0,1,1,1,2,0,0,0,0,0,1,0,38
5,3,0,1,0,1,0,0,1,0,1,0,1,0,1,0,44
3,3,1,1,1,1,0,1,3,1,0,0,1,0,1,1,131
3,4,1,1,1,1,1,1,1,1,1,1,1,1,1,1,20
7,2,0,1,0,0,0,0,3,1,0,0,0,0,0,0,146
6,4,0,1,0,1,0,1,1,0,0,0,1,0,1,0,77
10,1,0,0,1,0,0,0,3,0,0,0,0,0,0,0,122
5,4,0,1,0,1,0,1,2,0,1,0,1,0,1,0,77
1,3,1,1,1,1,1,1,3,0,0,0,0,0,0,0,25
3,4,0,1,1,1,1,1,2,1,1,1,1,1,1,1,195
10,1,1,0,0,0,0,0,1,0,1,0,0,0,0,1,37
8,4,0,0,0,0,0,0,2,0,0,0,0,0,0,0,27
4,1,0,1,0,0,0,1,3,0,1,1,1,0,1,0,88
3,4,1,1,1,0,1,1,2,1,1,1,1,0,1,1,190
10,1,1,0,0,1,0,0,3,0,1,0,0,0,0,0,105
4,1,0,0,0,1,1,1,2,0,1,0,1,0,1,0,81
6,1,0,1,0,1,0,1,3,1,1,0,1,0,1,0,11
6,3,0,1,1,1,1,1,3,0,1,0,1,0,1,0,186
6,3,0,1,0,0,1,1,2,0,1,0,1,0,0,0,167
7,2,0,0,0,1,0,0,2,0,1,1,0,0,0,0,105
4,1,0,1,0,1,1,1,3,0,1,0,1,0,1,1,94
2,1,1,1,1,1,1,1,3,0,0,0,1,0,0,0,54
9,2,0,1,0,0,0,1,2,0,0,0,0,0,0,0,154
10,4,1,0,0,0,0,0,2,0,0,0,0,0,0,0,112
9,1,0,0,1,0,0,0,3,0,0,0,0,0,0,0,122
3,4,1,1,0,1,1,0,3,1,1,0,1,0,1,0,159
1,3,1,1,1,0,0,0,3,0,0,0,0,0,0,0,199
4,2,0,1,0,1,0,0,3,0,1,0,0,0,1,1,73
6,4,0,1,0,1,0,0,1,1,1,1,1,1,0,0,72
2,2,1,1,1,1,1,1,2,0,0,0,0,0,0,1,113
6,4,1,1,0,1,0,1,3,0,1,0,1,0,1,0,115
9,2,0,0,0,0,0,0,1,1,0,0,0,0,0,1,103
9,2,0,0,1,0,0,0,1,0,0,1,0,0,0,0,64
3,2,1,1,1,1,1,1,2,0,1,1,1,1,1,1,56
8,4,0,0,0,0,0,0,2,0,1,0,0,1,0,0,139
4,2,0,1,0,0,1,1,3,1,1,0,1,0,1,0,133
10,1,0,0,0,0,0,0,3,0,0,0,0,0,0,0,4
1,4,1,1,0,1,1,1,3,0,1,1,0,0,0,0,96
1,4,1,0,1,1,1,1,1,0,0,0,0,0,0,0,5
2,1,1,1,1,1,1,1,2,0,0,1,1,0,0,0,132
6,3,0,1,0,1,0,1,3,0,1,0,1,0,0,1,8
10,2,0,0,0,0,0,0,2,0,1,0,0,1,0,0,139
3,4,1,1,1,1,1,1,2,1,1,1,1,1,1,0,174
6,3,0,1,0,1,0,1,3,0,1,0,1,0,1,0,74
1,3,1,1,1,1,1,1,3,0,0,0,0,0,0,0,25
7,4,0,1,0,0,0,1,2,0,0,0,0,0,0,0,154
7,4,0,0,0,0,1,0,1,0,0,0,0,0,0,0,160
7,1,0,0,0,0,0,0,2,0,0,0,0,0,0,0,102
7,2,0,0,0,0,0,0,3,0,0,0,0,0,0,0,4
2,1,1,1,1,1,1,1,3,0,0,0,0,1,0,0,127
6,2,0,1,0,0,0,1,2,0,1,1,1,0,1,0,88
1,3,1,1,1,1,1,0,3,0,0,0,1,0,1,0,164
6,3,0,1,0,1,1,1,3,0,1,0,0,0,1,1,129
10,4,0,0,1,0,1,0,1,0,0,1,0,0,1,0,36
10,1,0,0,0,0,0,1,3,0,0,1,0,0,0,1,196
8,2,1,0,0,0,0,0,1,0,0,0,0,0,0,0,35
10,2,1,0,0,0,0,0,2,0,0,0,0,0,0,0,35
7,1,0,0,1,0,0,1,1,0,0,0,0,0,0,0,161
3,4,1,1,1,1,1,1,2,1,0,1,1,1,1,1,93
4,3,0,1,0,1,0,1,3,0,1,0,0,0,1,0,143
2,3,1,1,0,1,0,0,1,1,0,0,1,0,0,0,150
7,4,0,0,0,0,0,0,3,0,0,0,0,0,0,0,16
9,2,0,0,0,0,0,0,1,0,0,0,0,0,0,0,18
3,4,1,1,1,0,1,1,3,0,1,1,1,0,1,0,162
3,3,1,1,1,1,1,0,2,0,1,1,0,1,0,1,114
10,1,0,0,1,1,0,1,1,0,0,0,0,0,0,1,138
4,2,0,1,0,0,0,1,3,1,0,0,1,1,0,0,85
10,3,0,0,1,0,0,0,1,0,0,0,0,1,0,0,1
7,4,0,1,1,0,0,1,3,0,0,0,0,1,1,0,1
9,2,0,0,0,0,0,0,1,0,0,0,0,0,0,0,18
3,4,0,1,1,1,1,1,2,1,1,1,1,1,1,0,195
8,4,1,0,0,0,0,0,2,0,1,1,1,0,1,0,88
10,4,0,0,0,0,0,0,1,0,0,0,0,0,0,0,18
1,4,1,1,1,1,1,1,3,1,0,1,0,0,0,1,198
2,2,0,1,1,1,1,1,3,0,1,0,0,0,0,0,53
3,2,1,1,1,1,1,1,2,1,1,1,1,1,1,1,141
2,1,1,1,0,1,1,1,1,0,0,0,0,0,0,0,157
5,3,1,1,0,1,0,1,1,0,1,0,1,0,1,0,34
6,2,0,1,0,1,0,1,3,0,1,0,1,0,1,0,74
7,3,0,0,1,0,0,0,3,0,0,0,1,0,0,0,42
7,1,0,0,0,0,0,1,1,0,0,0,0,0,0,1,138
6,3,0,1,0,1,0,0,3,0,1,0,1,0,1,1,73
7,4,0,0,0,0,0,0,3,0,0,0,0,0,0,0,16
4,2,0,0,0,1,0,1,3,0,1,0,1,0,1,0,75
8,3,0,0,0,0,0,0,1,0,0,0,0,0,0,0,18
6,2,0,1,0,1,0,1,2,0,1,0,1,0,1,1,94
2,4,1,1,1,1,1,1,3,0,0,1,0,0,0,0,104
4,1,0,1,1,1,0,1,1,1,1,0,1,0,1,0,91
7,4,0,0,1,0,1,0,1,0,1,0,0,0,0,0,60
8,4,0,0,0,0,0,0,1,0,0,0,0,1,0,0,139
8,4,0,0,0,0,0,0,3,0,0,0,0,0,1,0,55
6,3,0,1,1,1,0,1,3,1,1,1,1,0,1,0,71
6,2,0,1,1,1,0,0,2,0,1,0,1,0,1,0,41
4,1,1,1,0,1,0,0,2,0,1,0,1,0,1,1,73
1,4,0,1,1,1,1,1,1,0,0,1,0,1,0,0,117
9,2,0,0,0,0,0,0,1,0,1,0,0,0,1,0,110
6,2,0,1,0,1,0,1,3,1,1,1,1,0,1,0,71
2,1,1,1,0,1,1,1,1,0,0,0,0,0,0,0,157
5,4,0,1,0,1,0,0,2,0,1,0,1,0,0,0,44
10,4,0,0,0,0,0,0,3,0,1,0,0,1,1,0,97
8,2,0,0,0,1,0,0,1,0,0,0,0,0,0,0,63
7,3,0,0,0,0,0,1,1,1,0,0,0,0,0,0,154
6,4,0,0,0,1,0,1,3,0,1,0,1,0,0,0,57
2,4,1,0,1,1,1,1,1,1,0,0,0,0,1,0,78
7,3,0,0,0,0,0,0,2,1,0,1,0,0,0,0,121
4,3,0,1,0,1,0,1,3,0,1,0,0,1,1,0,51
9,1,0,0,1,0,0,1,1,0,0,0,0,0,0,0,161
1,4,0,1,1,1,1,1,1,0,0,0,1,0,0,0,178
6,4,0,1,0,1,0,1,1,0,1,0,1,0,0,0,118
2,1,1,1,1,1,1,1,3,0,0,1,0,0,0,1,132
2,2,1,1,1,1,1,1,3,0,0,0,0,0,0,0,12
10,4,0,0,0,0,0,0,3,0,0,0,0,0,0,0,16
9,3,0,1,0,1,0,1,3,1,0,1,0,0,1,0,71
3,1,1,1,1,1,1,1,3,1,1,0,1,1,1,1,15
7,3,0,0,0,0,0,1,1,0,0,0,0,0,0,1,138
8,4,0,0,0,0,0,1,3,0,0,0,0,0,0,0,16
1,4,1,1,1,1,1,1,3,0,0,0,0,0,0,0,25
1,3,0,1,1,1,1,1,1,0,0,0,0,0,0,0,178
10,4,0,0,0,1,0,0,3,1,0,0,0,0,0,0,99
10,3,0,0,0,1,0,0,1,0,1,1,0,0,0,0,107
9,4,0,0,0,0,0,0,1,0,1,0,0,0,0,0,110
1,3,1,0,1,1,1,1,2,0,0,0,0,0,0,1,92
1,4,0,1,0,1,1,1,1,0,0,0,0,0,0,0,178
6,4,1,1,0,1,0,1,1,0,1,0,0,0,1,1,28
6,1,0,1,0,1,0,0,2,0,1,0,1,0,1,1,73
8,2,0,0,0,0,0,0,1,0,0,0,1,0,1,0,166
6,2,0,1,0,1,0,1,2,0,1,0,1,0,1,1,94
6,3,0,0,0,1,0,1,2,0,0,0,1,0,1,0,75
6,1,0,1,0,1,0,1,3,1,1,0,1,1,1,0,109
8,3,0,0,0,0,0,0,3,0,0,1,0,0,0,0,137
3,2,1,0,1,0,1,1,2,1,1,1,1,1,1,1,141
7,3,0,0,0,0,0,1,1,0,0,0,0,1,0,0,31
10,4,1,0,0,0,0,1,3,0,0,0,0,0,0,0,165
4,2,0,0,0,1,0,1,3,1,1,0,1,0,0,0,144
1,3,1,1,1,1,1,1,3,0,0,0,0,1,1,0,49
3,4,1,1,0,1,1,1,2,1,1,1,1,1,1,1,147
5,1,1,1,0,0,0,1,3,0,1,0,1,0,1,0,14
6,2,0,0,0,0,0,1,2,0,0,0,1,0,1,0,67
4,2,0,1,0,1,0,1,1,1,1,0,1,0,0,0,144
6,2,0,1,0,1,0,1,2,0,1,0,1,1,1,0,17
9,1,0,0,0,0,0,0,2,0,1,0,0,0,0,0,19
2,1,0,0,0,1,0,1,1,0,0,0,1,0,0,0,63
9,4,1,0,0,0,0,0,1,0,0,0,0,1,0,0,139
1,3,0,1,1,0,1,1,3,0,0,0,0,0,1,1,101
1,2,1,1,1,1,1,1,2,0,0,0,0,0,0,0,12
3,3,1,1,0,1,1,1,1,1,1,1,1,1,1,1,147
8,3,0,0,0,1,0,0,1,0,0,1,0,0,1,0,107
4,1,0,1,1,0,0,1,2,1,1,0,1,0,1,0,91
3,2,1,1,0,1,1,1,1,1,1,1,1,0,0,0,98
1,2,1,1,1,1,1,1,2,0,0,0,0,1,1,0,127
1,4,1,0,1,1,1,1,1,0,0,1,0,0,0,0,5
8,1,0,1,1,1,0,0,3,0,0,0,1,0,0,1,21
1,2,1,1,1,1,1,0,3,0,0,0,0,0,1,0,164
2,1,0,1,1,1,1,1,1,0,0,0,0,0,0,0,178
10,1,0,0,0,0,0,0,3,0,0,0,0,0,0,0,4
7,3,0,1,0,0,0,0,2,0,0,0,1,0,0,0,124
6,4,0,1,0,1,0,1,3,0,0,1,1,0,1,0,89
2,2,1,1,1,1,1,1,3,0,0,0,0,0,0,0,12
9,4,0,0,0,0,1,0,2,0,0,0,0,0,0,1,80
9,2,0,0,0,0,0,1,3,0,0,0,1,0,1,0,67
8,1,1,1,0,0,0,0,3,0,0,0,0,0,0,1,22
8,3,0,0,0,0,1,0,1,0,0,0,0,0,0,0,160
8,3,1,1,0,0,0,0,3,0,0,0,0,0,0,0,199
7,4,0,0,0,0,0,0,3,0,0,1,1,0,0,0,137
9,2,0,0,0,0,0,0,2,1,0,0,0,0,1,0,128
1,4,0,1,1,0,1,1,1,0,0,0,0,0,0,0,178
4,2,0,1,0,1,1,1,3,1,1,1,1,0,0,0,144
1,4,1,1,1,1,1,1,3,0,0,0,0,0,1,0,83
6,4,0,1,0,1,0,1,1,0,1,0,1,1,1,0,17
6,3,0,1,1,1,0,1,1,0,1,0,1,0,1,0,41
8,3,0,0,0,0,0,1,3,0,1,1,0,1,0,1,171
5,3,0,1,0,1,0,1,1,0,1,0,1,0,1,0,77
7,2,1,0,0,1,0,0,3,0,0,0,0,0,0,0,145
1,2,1,1,1,1,1,1,2,1,1,1,0,0,0,0,98
1,1,1,1,1,1,1,0,2,0,0,0,1,0,0,0,158
10,1,0,0,0,0,0,0,3,0,0,0,0,0,0,0,4
10,2,1,0,1,0,0,0,1,0,0,1,0,0,0,0,111
2,1,1,1,0,0,1,1,1,0,0,1,0,0,0,0,157
9,4,0,0,0,0,1,0,2,0,0,0,1,0,0,0,160
1,4,0,0,1,1,1,1,3,0,0,0,0,0,0,0,53
8,3,0,1,1,0,0,0,2,0,0,0,0,1,0,0,1
5,3,1,1,0,1,0,1,1,0,1,0,0,0,1,0,135
2,4,0,1,1,1,1,1,1,0,0,0,1,0,0,0,178
4,2,0,1,0,1,0,0,2,1,1,0,1,0,1,0,159
5,2,0,1,0,1,0,1,1,0,1,0,1,1,1,0,17
2,3,1,1,1,1,1,0,3,0,0,0,1,0,0,0,6
6,3,0,1,0,1,1,1,3,0,1,0,0,0,1,0,186
1,3,0,0,1,1,1,0,3,0,1,0,0,0,0,0,189
2,4,1,1,1,1,1,1,2,0,0,0,0,0,1,0,83
1,4,1,1,1,1,1,1,3,0,0,0,0,0,0,0,25
4,2,0,1,1,1,1,0,3,0,1,0,0,0,1,0,24
8,2,0,0,0,0,0,1,2,0,0,0,0,0,0,1,138
2,4,1,1,1,1,1,1,2,0,1,0,0,0,0,0,140
4,2,0,1,1,1,1,1,2,0,1,0,1,0,1,0,41
7,4,0,0,0,0,0,0,2,0,0,0,0,0,0,1,69
1,2,1,1,1,1,1,1,2,0,0,0,0,0,1,0,38
8,2,0,0,0,0,0,0,2,0,0,1,0,0,0,0,64
1,4,1,1,1,1,1,1,3,0,0,0,0,0,0,0,25
8,3,0,0,1,0,0,1,2,0,0,1,0,0,0,0,45
7,4,0,0,0,0,1,0,3,0,1,0,0,0,0,0,60
5,4,0,1,1,1,0,1,3,1,0,1,1,0,1,0,151
5,3,0,1,0,1,0,1,1,0,1,0,1,0,1,0,77
3,2,1,1,1,1,1,1,1,1,1,1,1,1,1,1,141
2,4,1,1,0,1,1,1,3,0,0,0,0,0,0,0,156
4,4,0,1,0,1,0,0,1,0,1,0,1,0,1,0,44
2,3,1,0,1,1,1,1,1,0,0,0,1,0,0,0,5
1,4,1,1,1,1,1,1,3,0,0,0,0,0,1,0,83
1,2,1,1,1,1,1,1,2,1,0,0,0,0,0,0,3
1,4,1,0,1,0,1,1,3,0,0,0,0,1,1,0,49
6,2,0,1,0,1,0,1,3,1,0,0,1,1,1,0,109
1,2,1,1,1,1,1,1,2,0,0,1,0,0,0,1,48
8,4,1,0,0,0,0,0,2,0,0,0,0,0,0,0,112
6,4,0,1,0,1,0,1,3,0,1,0,1,0,1,0,74
2,1,1,1,1,1,1,1,2,0,0,0,0,0,0,0,12
5,4,0,1,0,1,1,1,1,0,1,0,1,0,1,0,2
4,4,0,1,0,1,1,1,2,0,1,0,1,0,1,0,186
7,4,0,0,0,0,0,0,3,0,0,0,0,1,0,0,139
3,4,1,1,1,1,1,1,2,1,1,0,1,1,1,1,15
2,3,0,1,1,1,0,1,3,0,0,1,0,0,0,0,23
1,3,0,1,0,1,1,1,2,0,0,0,0,0,0,0,178
1,3,0,0,1,1,1,1,3,0,0,0,0,0,0,1,101
4,4,0,1,1,1,0,1,1,1,1,0,1,0,1,0,91
4,1,0,1,0,0,0,1,2,0,1,0,1,1,1,0,182
6,3,0,1,1,0,1,1,3,0,1,0,1,0,1,0,162
6,2,0,0,0,1,0,1,1,0,0,0,1,1,1,0,17
7,4,0,0,0,0,0,0,2,0,0,0,0,0,0,0,27
6,3,0,1,0,1,0,1,3,0,1,0,1,0,1,0,74
8,3,0,1,0,1,1,0,3,0,1,0,0,0,0,0,167
4,3,0,1,0,1,0,1,3,0,1,0,1,0,1,0,74
9,4,0,0,0,0,0,0,2,0,0,0,0,0,1,0,184
3,3,1,1,1,1,0,1,3,1,1,1,1,1,1,1,62
6,3,0,0,0,0,0,1,3,0,1,1,1,0,1,0,88
9,4,0,0,0,0,0,0,1,0,0,1,0,0,0,0,64
2,1,1,1,0,0,1,1,3,1,0,0,0,0,0,0,163
7,4,0,0,0,0,0,0,2,0,0,1,0,0,0,0,137
8,1,0,0,0,0,0,0,3,1,0,0,1,0,0,0,13
2,1,1,1,1,1,1,1,3,0,0,0,1,0,0,0,54
5,4,0,1,1,1,0,1,3,0,1,1,0,0,1,0,43
7,1,0,0,1,0,0,0,2,0,0,1,0,0,0,1,196
10,4,0,0,0,0,0,0,1,1,0,0,1,1,0,0,86
6,2,0,1,0,1,0,1,2,1,1,0,1,0,1,0,11
10,2,0,0,0,1,0,1,1,0,0,0,0,0,0,0,63
7,3,0,1,0,0,1,0,1,0,0,1,1,0,0,0,33
5,1,0,1,0,1,0,1,3,0,1,0,0,0,1,0,143
7,1,0,0,0,0,0,1,1,0,0,0,0,0,0,0,154
1,4,1,1,1,1,1,1,3,0,0,1,0,0,0,1,104
7,1,0,0,0,0,0,1,1,0,0,0,0,0,0,0,154
6,2,0,0,0,0,0,1,2,0,1,1,1,0,1,0,88
8,4,1,0,1,0,0,0,2,0,0,0,0,0,0,0,112
3,3,1,1,1,1,1,1,3,1,1,1,1,1,1,1,126
2,1,1,1,1,1,1,1,2,1,0,0,0,1,0,1,40
10,4,0,0,0,1,0,0,2,0,0,0,0,0,0,0,145
7,4,1,0,1,0,0,0,3,1,0,0,0,0,1,0,66
3,4,1,1,1,1,1,0,2,0,1,1,1,1,0,1,114
5,1,0,1,1,1,1,1,3,1,1,0,1,1,1,0,109
1,3,0,0,1,1,1,1,3,0,0,1,0,0,0,0,23
5,1,1,1,1,1,0,1,3,0,1,0,1,1,0,0,136
2,4,1,1,1,1,1,1,3,0,0,0,1,1,0,0,49
1,3,1,0,1,0,1,1,2,0,0,0,0,0,0,0,95
1,4,0,1,1,1,1,0,3,0,0,0,0,0,0,1,101
7,2,0,0,0,0,0,0,3,0,0,0,0,0,1,0,55
5,2,0,1,0,0,0,1,1,0,0,0,1,0,1,0,100
2,4,1,1,1,1,1,1,3,0,1,0,0,0,1,0,83
6,4,1,1,0,1,0,0,3,0,1,0,1,0,1,0,115
3,1,1,0,1,1,1,1,3,1,1,1,0,0,1,1,197
7,1,0,0,0,0,0,0,1,0,1,0,0,0,0,0,110
9,2,0,0,0,1,0,0,2,0,0,0,0,0,0,0,145
4,2,0,1,0,1,0,0,1,0,1,0,1,0,1,0,177
6,3,0,1,0,1,0,1,3,0,1,0,1,0,1,0,74
4,4,0,1,0,0,0,1,1,0,1,0,1,0,1,0,77
1,4,1,0,1,1,1,0,3,0,0,0,0,0,0,0,6
1,4,1,0,1,1,1,1,1,0,1,0,0,0,1,0,5
7,1,0,1,0,0,0,0,2,1,0,0,0,0,0,1,103
6,4,0,1,0,1,0,1,1,0,1,0,1,0,0,0,118
1,2,1,1,1,1,1,1,2,0,0,0,0,0,0,0,12
2,3,1,1,1,1,0,1,2,1,0,0,0,1,0,0,78
6,3,0,0,0,1,0,1,1,0,1,1,1,0,1,0,172
1,2,1,0,1,1,1,1,2,0,0,0,0,0,0,0,12
2,3,1,1,0,0,0,1,2,1,0,0,0,1,0,0,85
10,1,0,0,0,0,0,0,3,0,0,0,0,0,0,0,4
3,2,1,1,0,1,1,1,2,1,1,1,1,1,1,1,147
4,1,0,1,0,1,1,1,3,0,1,0,1,0,1,0,81
8,1,0,0,0,0,0,1,3,1,1,0,0,0,0,0,85
3,4,0,1,1,0,1,1,3,1,1,1,1,1,0,0,195
1,1,1,1,1,1,0,1,2,0,1,0,0,0,0,0,140
9,4,0,0,0,1,0,0,2,0,0,0,0,0,0,1,69
3,2,1,0,1,0,1,1,1,1,1,1,0,1,1,0,175
8,4,0,0,0,1,0,1,1,0,0,0,0,0,0,0,63
4,4,0,1,0,1,0,1,1,0,1,0,1,1,1,0,17
10,1,0,0,0,0,1,0,1,0,0,0,0,0,0,0,188
7,4,0,0,0,1,1,0,1,1,0,0,0,0,0,0,150
9,4,0,1,0,0,0,0,2,1,0,0,0,0,0,0,146
8,3,0,0,1,0,0,0,3,0,0,0,0,0,0,0,42
6,4,1,1,0,1,0,1,1,0,1,0,1,0,1,0,77
7,3,0,1,1,0,0,0,2,0,0,0,0,0,0,0,142
9,2,0,0,0,0,0,0,1,1,0,0,0,1,0,0,86
2,1,1,1,1,1,1,1,3,0,0,1,0,0,0,0,132
9,2,0,0,0,0,0,0,1,0,0,0,0,0,0,0,18
5,4,1,1,0,0,0,0,1,0,1,0,1,0,1,0,44
4,1,1,1,0,1,0,1,2,0,1,0,1,0,0,0,34
4,1,0,1,0,1,0,1,1,0,1,0,1,0,1,0,26
9,1,0,0,0,0,0,0,1,0,0,0,0,1,0,0,65
7,1,0,0,0,0,0,0,3,0,1,1,1,0,1,1,88
2,1,1,0,0,1,1,1,3,0,0,1,0,0,0,0,132
1,2,1,1,1,1,1,1,2,0,0,0,0,0,0,0,12
7,3,0,0,0,0,0,0,1,0,0,0,0,1,0,0,139
1,4,0,1,1,1,1,1,3,1,0,0,1,0,0,1,198
1,3,1,0,1,0,1,0,3,0,0,0,0,0,1,0,66
1,4,1,1,1,1,1,0,1,0,1,0,0,0,0,0,140
5,4,0,0,0,1,0,1,3,1,1,0,1,0,1,0,133
2,1,0,1,1,1,1,1,2,0,0,0,0,0,0,0,53
3,3,1,1,1,1,1,1,3,1,0,1,1,1,0,1,93
6,3,0,1,0,0,0,1,3,0,0,1,0,0,1,0,192
3,2,0,1,1,1,1,1,2,0,1,1,1,1,1,1,56
6,4,0,0,0,1,0,1,3,0,1,0,0,0,1,0,57
2,1,1,0,0,0,1,1,3,0,0,0,0,0,0,0,165
1,2,1,1,1,0,1,1,2,0,0,0,0,0,0,0,95
10,1,0,0,0,0,0,0,1,0,0,0,0,0,0,1,37
4,1,0,1,1,1,1,1,2,0,1,0,1,0,1,0,81
1,4,1,1,1,0,0,1,1,0,0,0,0,0,0,0,76
4,3,0,1,0,1,0,1,3,0,0,0,0,0,1,0,9
4,1,0,1,0,1,0,1,2,0,0,0,0,0,1,0,143
9,4,0,1,0,0,0,1,2,0,1,1,0,0,0,0,43
7,3,0,0,0,0,0,0,2,0,0,1,0,1,0,0,52
4,1,0,1,0,1,0,0,1,0,1,1,1,1,1,0,59
6,2,0,1,0,0,0,1,3,1,1,0,1,0,1,0,133
5,4,0,1,0,1,0,1,2,0,1,0,1,1,1,0,51
5,4,0,1,1,1,0,1,3,0,1,0,1,0,1,0,41
2,2,1,1,1,1,1,1,2,0,0,0,0,0,0,1,113
1,2,1,1,1,1,1,1,1,0,0,0,0,0,0,0,12
7,4,1,1,0,0,0,0,3,0,0,0,0,0,1,0,199
9,2,0,0,0,1,1,0,3,0,0,0,0,0,0,0,145
1,4,1,0,1,1,1,1,3,0,0,0,0,0,0,0,25
4,4,0,1,0,1,0,1,2,0,1,0,1,0,1,0,77
9,2,0,0,1,1,1,0,2,0,0,0,0,1,0,0,119
1,4,1,1,1,1,0,1,1,0,0,0,0,0,0,0,29
3,4,1,0,0,1,0,1,2,1,1,0,1,1,1,1,15
5,1,1,1,0,1,0,1,3,0,1,0,0,0,1,0,135
6,2,0,1,0,1,0,0,2,0,0,0,0,0,1,1,73
8,1,1,0,1,0,0,0,3,0,0,0,0,0,0,0,111
1,2,1,1,1,1,1,1,1,0,0,0,0,1,0,0,127
3,3,1,0,1,1,1,0,2,1,1,1,1,1,1,1,187
9,4,0,1,0,0,0,0,2,1,0,1,0,1,0,0,52
1,4,1,1,1,1,1,1,1,0,0,0,0,0,0,1,82
10,2,0,1,0,1,0,0,1,0,1,0,0,1,0,0,181
4,1,0,1,0,1,1,1,2,0,1,0,1,0,1,0,81
7,4,1,0,0,1,0,0,2,0,0,0,0,0,0,0,112
10,2,0,0,0,0,0,0,1,0,0,0,0,1,1,0,65
7,4,0,1,0,0,0,0,3,0,0,0,0,0,1,0,124
2,1,1,1,1,1,1,0,1,0,0,0,1,0,0,1,113
3,3,1,1,1,1,0,1,2,1,1,1,1,1,1,1,62
1,1,1,1,1,1,1,0,2,1,0,0,0,0,0,0,125
2,4,1,1,1,1,1,1,1,0,0,0,0,0,0,0,29
3,3,1,1,1,1,1,1,3,0,1,1,1,1,1,1,114
8,2,0,0,0,0,0,0,1,0,1,0,0,0,0,0,110
9,4,0,0,0,0,0,0,1,0,0,1,0,0,0,1,155
7,3,0,0,0,0,0,0,3,0,0,0,1,0,0,0,16
9,1,0,0,0,0,0,0,2,0,0,0,0,0,1,0,55
6,2,0,1,0,1,0,1,2,0,1,0,0,0,0,0,143
2,1,1,1,1,1,1,1,2,0,0,0,1,0,0,0,54
9,1,0,1,1,0,0,1,1,0,0,0,0,0,0,0,161
2,1,1,0,0,1,0,1,1,0,0,0,0,0,0,0,63
7,3,1,0,0,0,0,0,1,0,0,0,0,0,0,0,35
2,2,1,1,1,1,1,1,2,0,0,0,0,0,0,0,12
5,4,0,1,0,1,0,1,1,1,1,0,1,0,1,0,11
8,2,0,0,0,0,0,0,2,1,0,0,0,0,0,0,13
7,1,0,0,1,0,0,0,3,0,0,0,0,1,0,0,122
1,3,0,1,1,1,1,1,1,0,0,1,0,0,0,0,178
1,1,1,1,1,1,1,1,2,0,1,0,0,0,0,0,140
2,4,1,1,1,0,1,1,3,0,0,0,0,0,0,0,95
7,1,0,1,0,0,0,0,3,0,0,0,0,1,1,0,65
1,2,1,0,1,1,1,1,2,0,1,0,0,0,0,0,140
7,4,0,0,0,0,0,0,3,0,0,0,0,0,0,0,16
3,3,0,1,1,1,0,1,3,0,1,1,1,1,1,1,114
3,3,1,1,1,1,1,1,1,0,1,0,1,1,0,1,40
4,4,0,1,0,0,0,1,1,1,1,0,1,0,1,1,28
7,3,1,0,0,0,0,0,2,0,0,0,0,0,0,0,35
10,2,1,0,0,0,0,0,3,0,1,0,0,0,1,0,66
3,3,1,0,1,1,1,0,3,1,1,1,0,0,1,1,197
4,2,0,1,0,1,0,1,2,0,1,0,1,0,1,0,26
9,1,0,0,1,0,0,1,2,1,0,0,1,0,0,0,67
10,3,1,0,0,0,1,0,1,0,0,0,0,0,0,0,47
2,4,0,1,1,1,1,1,1,0,0,0,0,0,0,1,82
6,2,0,1,0,1,0,1,3,1,1,0,1,1,1,0,109
6,1,1,1,0,1,0,1,2,1,1,0,1,0,1,0,11
6,4,0,1,0,1,0,1,3,1,1,0,0,0,1,0,133
10,4,0,0,0,0,0,0,1,0,0,0,1,0,0,0,18
7,1,0,0,0,0,0,0,3,0,1,0,0,0,0,0,19
8,3,1,0,0,0,0,0,1,0,0,0,1,0,0,0,185
3,3,1,1,1,0,1,0,2,1,1,0,1,1,0,1,15
4,4,0,1,0,0,1,1,2,0,1,0,1,0,1,1,200
5,1,0,1,0,1,0,1,3,0,1,0,1,0,0,0,176
6,2,0,0,0,1,0,1,2,0,1,0,0,0,1,0,75
8,2,1,0,0,0,1,0,1,0,0,0,1,1,0,0,84
10,4,0,0,0,0,0,0,2,0,0,0,0,0,0,0,27
9,4,0,0,1,0,0,0,2,0,0,0,1,0,0,0,169
7,1,0,0,0,0,0,0,2,1,0,0,0,0,0,0,13
5,1,1,1,1,1,0,1,3,0,1,0,1,0,1,0,34
4,2,1,1,0,1,0,1,1,0,1,0,1,0,0,0,118
1,3,1,1,1,1,1,1,3,0,1,0,0,0,0,1,168
10,3,0,0,0,0,0,0,1,0,0,1,0,0,0,1,155
1,3,1,1,1,1,1,1,3,0,0,1,0,0,0,0,104
4,4,0,1,0,1,0,1,2,0,1,0,0,0,1,0,77
1,2,1,1,1,0,0,1,3,0,1,0,0,0,0,0,76
10,3,1,0,1,0,0,1,1,0,0,0,0,0,0,1,92
7,4,1,1,0,0,0,0,3,0,0,0,0,0,0,0,199
8,4,0,0,0,0,0,0,1,0,0,0,0,0,1,0,184
7,4,1,0,0,0,1,0,2,0,0,0,0,1,0,0,84
9,3,1,0,0,0,0,0,3,0,0,0,0,0,0,0,35
5,2,0,1,1,0,0,1,1,0,1,0,1,0,1,0,41
1,2,1,1,1,1,1,0,2,1,0,0,0,0,0,0,125
4,2,0,1,0,1,0,1,1,0,1,1,0,0,1,0,172
7,2,0,0,0,0,1,0,3,0,1,1,0,0,0,0,60
1,3,0,1,0,1,1,1,3,0,0,0,0,0,0,0,53
6,4,0,1,0,1,1,1,3,0,1,0,1,0,1,0,186
9,4,0,0,0,0,1,0,2,0,0,1,0,0,0,0,137
7,1,0,0,0,0,0,0,3,0,0,0,0,0,0,0,4
4,1,1,1,0,1,1,1,3,0,1,1,1,1,1,0,59
6,4,0,1,0,1,0,1,1,0,0,0,0,0,1,0,77
6,3,0,1,0,0,0,1,3,0,1,1,0,0,1,0,43
10,4,0,0,0,0,1,0,3,0,0,0,0,0,0,0,160
10,2,0,0,0,0,0,0,1,0,0,0,0,0,1,1,37
10,2,0,0,0,0,0,0,2,0,0,1,0,0,0,1,196
4,1,0,1,0,1,0,0,1,0,1,0,0,0,1,0,70
10,4,0,0,1,0,0,0,2,0,0,0,0,1,1,0,1
6,2,0,1,0,1,0,1,1,1,1,0,1,0,1,0,11
2,1,1,1,1,0,1,1,3,0,0,0,0,0,0,0,95
7,4,0,0,0,0,0,0,1,0,0,1,0,1,0,1,155
1,4,1,1,1,1,1,1,1,1,0,0,0,0,0,0,78
9,4,0,0,0,1,0,1,2,0,0,0,1,1,0,0,31
7,1,0,0,0,0,0,0,3,0,0,1,0,0,1,0,192
9,1,1,0,0,0,0,1,3,0,0,0,0,0,0,0,35
4,2,0,1,0,1,1,1,2,1,1,0,1,0,0,0,144
1,2,1,1,0,1,1,1,3,0,0,0,0,0,0,0,156
10,4,0,0,0,1,0,1,3,0,0,0,0,1,0,0,31
1,3,1,1,1,1,1,1,1,0,0,0,0,0,0,0,29
1,2,1,1,1,1,1,1,2,0,0,0,0,0,0,0,12
6,2,0,1,0,1,1,1,3,1,1,0,1,0,1,0,133
1,3,1,1,1,1,1,1,3,0,0,0,0,1,0,0,49
7,1,0,0,0,0,0,0,1,0,0,0,0,0,0,1,37
8,2,0,0,1,1,0,0,2,0,1,0,0,0,0,0,189
1,4,0,1,0,0,1,0,3,0,1,0,1,0,0,0,167
1,4,1,1,1,1,1,1,3,0,0,0,0,0,0,1,108
4,1,0,0,0,0,0,1,2,0,1,0,1,0,1,0,75
4,2,0,1,0,1,0,1,1,1,1,0,1,0,1,0,11
1,1,1,1,1,1,0,1,3,0,0,0,0,0,0,1,113
9,1,0,0,0,0,0,0,2,1,0,0,0,0,1,0,128
2,3,1,1,1,1,0,1,1,1,1,0,1,0,1,0,91
1,2,1,1,1,1,1,1,2,0,0,0,0,0,0,0,12
9,4,0,0,0,0,0,0,2,0,1,0,0,0,1,0,184
4,4,0,1,0,0,0,0,2,1,1,0,1,0,1,0,159
1,2,1,1,1,1,1,1,2,0,0,0,0,1,0,0,127
8,1,0,1,0,0,0,0,3,0,0,0,0,0,1,0,124
9,1,1,0,0,0,0,1,3,0,0,0,0,1,0,1,22
6,3,1,1,1,0,1,1,3,0,1,0,1,0,1,0,162
1,3,1,1,1,1,1,1,2,0,0,0,1,0,0,0,54
5,2,0,1,0,1,0,1,1,0,0,0,1,0,1,1,94
9,2,0,1,0,0,1,0,3,0,0,0,1,1,0,0,106
5,1,0,1,0,1,1,1,3,1,1,0,0,0,1,0,143
1,4,1,1,1,1,1,1,3,0,0,0,0,1,1,0,49
3,4,1,1,1,1,0,1,3,1,1,1,1,1,1,1,62
2,1,1,1,1,1,1,1,2,0,0,0,0,0,0,1,113
9,1,1,0,0,0,0,0,2,0,1,0,1,1,0,0,182
6,2,0,1,0,1,0,1,2,0,1,0,1,0,1,1,94
4,2,0,1,0,1,0,1,1,0,1,1,1,0,1,0,172
5,4,0,1,0,1,0,0,2,1,1,0,1,0,1,0,159
9,2,0,1,0,0,0,0,2,0,0,0,0,0,0,0,30
2,1,0,0,0,1,1,1,2,0,1,0,0,0,0,0,153
7,2,0,0,0,0,1,0,3,0,0,0,0,0,0,0,188
10,2,1,0,0,0,0,0,2,0,0,0,0,0,0,0,35
1,4,0,1,1,1,1,1,3,0,0,0,0,0,0,0,53
10,3,0,0,0,0,0,0,1,0,0,0,0,0,1,0,184
3,2,1,1,1,1,1,1,1,0,1,1,1,1,1,1,56
6,4,0,1,0,1,0,1,3,0,1,0,1,0,1,1,200
1,4,1,1,0,1,1,1,3,1,1,0,0,0,0,0,96
5,4,0,1,0,0,0,1,3,0,1,0,1,1,1,0,51
4,4,0,1,0,0,0,0,1,0,1,0,1,0,1,1,28
3,3,1,1,1,0,1,1,1,1,1,1,1,0,1,1,190
2,4,1,1,1,1,1,1,3,0,1,1,0,0,0,0,104
3,4,1,1,1,1,1,1,1,0,1,0,1,1,1,0,136
3,4,1,1,1,1,1,1,2,1,1,1,1,1,1,1,20
9,1,0,1,0,0,0,0,3,0,1,1,0,0,1,0,173
6,1,0,1,0,1,0,0,3,0,1,0,1,0,0,1,8
9,4,0,0,1,0,1,0,2,0,0,0,0,0,0,0,160
3,4,1,1,1,1,0,1,2,1,1,1,1,1,0,1,62
3,4,1,1,1,1,1,1,2,1,1,1,1,1,1,1,20
7,1,0,0,0,0,0,1,3,0,0,0,0,0,0,0,4
6,4,0,1,0,1,0,1,1,0,1,1,0,0,0,0,43
2,4,1,1,1,0,0,1,1,0,0,0,0,1,0,0,76
4,1,0,1,0,1,0,1,2,0,1,0,1,0,1,1,94
5,2,0,0,0,1,0,1,2,0,1,0,1,0,1,0,75
3,4,1,1,1,1,1,1,3,1,1,1,1,1,1,0,174
7,1,1,0,0,0,0,0,3,0,1,0,0,0,1,0,66
2,1,0,1,1,1,0,1,2,0,1,0,0,0,0,0,24
4,1,0,0,0,1,0,0,2,0,1,0,0,0,0,0,105
3,2,1,1,0,1,1,1,1,1,1,1,1,0,1,1,90
5,4,0,1,1,1,0,1,3,0,1,0,1,0,1,0,41
4,2,0,0,0,1,0,1,1,0,1,0,1,0,1,1,94
3,3,1,1,1,0,1,1,3,1,1,1,1,1,1,1,126
6,4,0,1,0,1,0,1,3,0,1,0,1,1,1,1,191
7,1,0,0,0,0,1,0,2,0,0,0,0,0,0,0,188
10,1,0,1,0,0,0,0,3,0,0,1,0,0,0,0,173
2,3,1,1,1,1,1,1,3,0,1,0,0,0,0,0,140
7,1,0,0,0,0,1,0,2,0,0,0,0,0,0,1,80
9,2,0,0,0,0,0,0,3,0,0,0,0,1,0,0,50
10,3,1,0,0,0,0,0,1,0,0,0,1,0,0,0,185
1,1,1,1,1,1,0,1,2,1,0,0,0,0,0,1,113
6,2,0,1,0,1,0,1,2,0,1,0,1,0,1,0,26
2,3,1,1,1,1,1,1,1,1,0,0,0,0,0,0,78
1,4,1,1,1,1,1,1,1,0,0,0,0,0,0,0,29
8,4,0,0,0,0,0,0,2,0,0,0,0,0,0,0,27
3,2,1,0,0,1,1,1,1,1,1,0,1,1,1,1,15
5,2,1,1,1,1,0,1,1,0,1,0,1,0,1,0,34
10,4,1,0,1,0,0,0,3,1,0,0,0,0,0,0,42
2,4,1,1,0,1,1,0,3,0,0,0,0,0,0,0,156
6,2,1,1,0,1,0,1,2,0,0,0,1,0,1,0,34
6,4,1,1,0,1,0,1,3,0,1,0,1,0,1,0,115
1,4,1,1,1,1,1,0,1,0,0,0,0,1,0,0,127
6,3,1,1,0,1,0,1,2,0,1,0,0,0,1,0,135
7,2,0,1,1,0,0,0,3,0,0,0,0,0,0,0,142
7,3,0,0,0,0,1,0,1,0,0,0,0,0,0,0,160
3,1,1,1,0,0,1,1,3,1,1,0,1,1,1,1,15
4,3,0,0,0,1,0,0,3,0,1,1,1,0,1,0,89
3,2,0,1,1,1,1,1,2,1,1,1,1,1,0,1,195
2,4,1,1,1,1,1,1,3,0,0,0,0,1,0,0,49
4,1,0,1,0,1,0,1,2,1,1,1,1,0,1,0,71
7,1,0,0,1,0,0,1,1,0,1,0,0,0,0,0,161
5,1,0,0,1,1,0,1,3,0,1,0,1,0,0,0,189
9,2,1,0,0,0,0,0,1,1,0,0,0,0,0,0,13
9,3,0,0,0,0,1,0,3,0,0,0,0,0,0,0,160
9,1,0,0,0,1,1,0,3,0,0,0,0,0,0,0,188
9,2,1,0,0,0,1,0,1,0,1,0,1,0,0,0,185
8,2,0,0,0,1,0,1,2,0,0,0,0,0,0,0,63
6,2,0,1,0,1,0,1,2,1,1,0,1,0,1,0,11
2,4,1,1,1,1,1,1,2,0,0,0,0,0,0,0,29
8,3,1,0,0,0,0,0,2,0,0,0,0,1,0,0,139
10,1,0,0,1,0,0,0,3,0,0,0,1,0,0,1,122
6,2,1,1,0,1,0,1,2,0,1,0,1,0,1,0,34
6,3,0,1,0,1,1,1,1,0,1,0,0,0,0,1,58
7,1,0,0,0,1,0,0,3,0,0,0,0,1,0,0,50
7,1,0,0,0,0,0,1,3,0,0,0,1,0,0,0,67
9,3,1,0,1,0,0,1,3,1,0,1,0,0,0,0,121
3,2,1,1,1,1,0,0,1,1,1,1,1,1,1,1,130
4,1,0,1,1,1,0,1,3,1,1,0,1,0,1,0,91
5,4,1,1,0,1,0,1,3,0,1,0,1,0,1,0,115
3,4,1,0,1,1,1,1,2,1,1,1,1,1,0,1,20
7,1,0,0,0,0,0,0,3,0,1,0,0,0,0,0,19
3,3,0,1,1,1,1,1,3,1,1,1,1,1,1,1,195
9,3,0,0,0,0,0,0,3,0,1,1,0,0,0,0,137
4,3,0,1,1,1,1,1,3,0,1,0,0,0,1,1,168
1,3,1,1,1,1,1,1,2,0,0,0,1,0,0,0,54
5,1,1,1,0,1,0,1,3,0,1,0,0,0,1,1,135
4,1,0,1,0,1,1,0,3,0,1,0,1,0,1,0,81
3,2,0,1,1,1,0,1,2,1,1,1,0,1,1,1,152
5,4,1,1,0,1,0,1,1,0,1,0,1,1,1,0,17
4,2,0,1,0,1,0,1,1,0,1,0,1,0,1,0,26
6,3,1,1,0,1,0,1,3,0,1,0,1,0,0,0,176
4,4,0,1,0,1,0,1,2,0,1,0,1,1,1,0,51
3,2,1,0,1,1,1,1,1,0,0,0,1,1,1,1,40
9,4,0,0,0,1,1,0,2,1,0,1,0,0,0,0,99
5,2,0,1,0,1,0,1,1,0,1,1,1,1,0,0,59
4,1,0,1,0,1,0,0,1,0,1,0,0,0,1,0,70
6,2,0,1,0,1,0,1,3,0,1,0,1,0,1,0,74
4,2,0,1,0,1,0,1,2,0,1,0,1,0,1,0,26
4,2,1,1,1,1,0,1,3,0,1,0,1,1,1,0,136
9,2,1,0,0,0,0,0,3,0,1,0,0,0,0,1,22
6,3,0,1,0,1,0,1,3,0,1,0,1,0,1,1,200
3,3,1,1,1,0,0,1,1,0,1,1,1,1,1,1,56
8,4,1,1,1,1,0,0,2,0,0,0,0,0,0,0,6
8,3,0,0,0,0,0,0,3,0,0,0,0,0,1,0,55
9,4,1,0,1,0,0,0,1,0,0,0,1,0,0,0,169
5,4,0,1,0,1,0,1,3,0,1,1,1,0,1,0,89
4,1,0,1,0,0,0,1,1,0,0,0,1,0,1,0,100
4,4,0,1,0,1,0,1,2,0,1,0,1,0,1,0,77
8,4,0,1,0,0,1,0,3,0,0,0,0,0,1,0,36
4,1,0,1,0,1,0,1,1,0,1,0,0,0,1,0,70
10,4,0,0,1,1,1,0,3,0,0,0,0,0,0,1,101
5,2,1,1,0,0,0,1,2,0,1,0,0,0,1,1,135
7,3,0,1,0,0,1,0,1,0,0,0,0,0,0,1,194
6,2,0,1,0,1,0,0,2,0,1,0,1,0,0,0,21
7,1,0,0,0,0,0,0,2,0,0,0,0,0,1,0,55
3,2,0,1,1,1,1,1,2,1,1,0,1,0,1,1,131
7,4,1,0,0,0,0,0,3,0,0,0,0,0,1,0,66
5,2,0,1,0,1,0,1,2,0,1,0,1,0,1,0,26
2,3,1,1,0,0,1,1,2,0,0,0,0,0,0,0,95
4,2,0,0,0,1,0,1,1,0,1,1,1,0,1,0,172
6,4,0,1,0,1,0,0,3,0,1,1,1,0,1,0,89
3,4,0,1,1,1,1,1,2,0,1,1,1,1,1,1,114
6,2,1,1,0,0,0,0,3,0,1,0,1,0,1,0,14
6,2,1,1,0,1,0,1,2,0,0,0,0,0,1,1,135
5,2,0,1,0,0,0,1,3,0,1,0,1,0,1,0,87
8,4,0,0,0,0,0,0,2,0,0,0,0,0,0,0,27
1,2,1,1,1,0,0,0,2,1,0,0,1,0,0,1,103
2,2,1,1,1,1,1,1,2,0,0,0,1,0,0,0,54
4,2,0,1,0,1,1,1,2,1,0,0,1,1,0,0,109
2,4,1,1,0,1,1,0,3,0,0,0,0,0,0,0,156
2,1,1,1,1,1,1,1,2,0,1,1,0,0,1,0,120
3,2,1,1,1,0,0,1,2,0,1,1,1,1,1,0,136
4,1,1,1,0,1,0,1,3,0,1,0,1,0,0,0,34
9,4,0,0,0,0,0,0,2,0,1,0,0,0,0,0,79
8,4,0,0,0,0,0,0,3,0,0,1,0,0,0,0,137
4,2,0,1,0,0,0,1,1,0,1,0,1,0,0,0,118
1,2,1,1,1,1,1,1,2,0,0,0,0,1,0,0,127
1,3,1,1,1,1,1,0,1,0,0,1,0,0,0,0,48
1,1,1,1,1,1,1,0,3,0,0,1,0,0,0,0,132
5,1,1,1,0,1,1,0,3,0,1,1,1,0,1,0,10
4,2,0,1,0,1,1,1,3,0,1,0,1,0,1,0,81
10,1,0,0,0,1,0,0,3,0,0,1,0,0,0,1,46
8,4,0,0,0,0,0,0,2,1,0,0,0,0,1,0,128
4,2,0,1,0,0,0,1,2,0,1,0,1,0,1,0,87
9,2,0,0,0,0,1,0,1,0,0,0,1,0,1,0,166
2,2,1,1,1,1,1,1,3,1,0,0,0,0,0,0,3
3,4,1,1,1,1,1,1,2,1,1,1,0,1,1,1,20
5,2,0,1,0,0,0,0,3,0,1,0,1,0,1,0,124
1,3,1,1,1,1,1,1,2,0,0,0,0,0,0,1,82
8,2,0,0,1,0,1,0,1,0,0,0,1,0,1,0,166
1,1,1,1,1,1,1,1,3,0,0,0,0,0,0,0,12
6,4,1,1,0,0,0,1,3,0,1,0,1,0,1,0,115
4,3,0,1,0,1,0,1,3,0,1,0,1,1,1,0,51
10,2,0,0,0,0,1,0,2,0,1,0,0,0,0,0,60
4,2,1,1,0,1,0,1,1,0,1,0,0,1,1,0,135
7,4,0,0,0,1,1,0,3,1,0,0,0,0,0,0,99
5,4,0,1,1,1,0,1,1,0,0,0,1,0,1,0,41
3,2,1,1,1,1,1,0,2,1,1,1,0,1,1,1,7
4,2,0,1,0,1,0,1,3,0,1,1,0,0,1,0,43
9,2,0,0,1,0,0,0,1,0,0,0,0,0,0,0,123
6,2,0,1,0,1,0,1,2,0,1,0,1,1,1,0,17
2,4,1,1,1,1,1,1,3,0,0,0,1,0,0,1,108
9,2,0,0,0,0,0,0,1,0,0,1,1,0,1,0,166
9,2,0,0,0,0,1,0,2,0,1,0,1,0,0,0,60
8,2,0,0,0,0,0,0,1,1,0,0,0,0,0,0,13
4,2,0,1,0,0,0,1,1,0,0,0,1,0,1,0,100
3,4,0,1,1,1,1,1,1,1,1,0,1,1,1,1,15
5,4,1,1,1,1,0,1,2,0,1,0,0,1,1,0,136
1,2,1,1,1,1,1,1,2,0,0,0,0,1,0,1,40
8,2,1,0,0,0,0,0,1,1,0,0,0,1,0,0,86
4,2,0,1,0,1,0,1,2,0,1,1,1,1,1,0,59
6,2,0,1,0,1,0,0,2,1,1,0,1,0,1,0,159
5,2,1,1,0,1,0,1,3,0,1,0,0,0,1,0,135
8,2,0,0,0,0,0,1,1,0,0,0,0,0,1,0,154
2,3,1,1,1,1,1,1,1,0,0,0,0,1,0,0,127
5,4,0,1,0,0,0,1,2,0,1,1,1,0,1,0,89
7,1,0,0,0,0,0,0,3,0,0,0,0,0,0,0,4
10,4,1,0,0,0,0,0,3,0,0,0,0,0,1,0,66
5,4,0,0,0,1,0,1,3,0,1,1,1,0,1,0,89
4,1,0,1,1,1,0,1,1,0,1,1,1,0,1,0,172
7,4,0,0,0,0,0,0,2,0,0,0,0,0,0,0,27
9,1,0,1,1,0,0,0,2,0,0,0,0,0,0,0,161
5,4,1,1,0,1,0,1,3,0,1,0,1,0,1,0,115
4,3,0,1,0,1,0,1,3,0,1,0,1,0,0,1,8
9,2,0,0,0,0,0,0,1,0,0,0,0,0,0,0,18
8,4,0,0,0,0,1,0,1,0,0,0,0,0,0,1,80
3,3,1,1,1,1,1,1,2,1,1,0,1,1,1,1,15
7,2,0,0,1,0,0,0,2,0,1,0,0,0,0,0,123
6,2,0,1,0,0,0,1,2,0,1,0,1,0,1,1,94
6,1,1,1,0,1,0,1,3,1,1,0,1,0,1,0,11
6,3,0,1,0,1,0,1,2,1,1,0,0,0,1,1,131
1,2,1,1,1,1,1,1,1,0,0,0,0,0,0,1,82
7,3,0,0,0,0,0,1,1,0,0,0,0,0,0,0,154
1,4,1,1,1,1,0,1,1,0,1,1,0,1,0,0,72
10,2,0,0,0,0,0,0,3,0,0,1,0,0,0,1,196
6,4,0,1,1,0,0,1,3,1,1,0,1,0,1,0,151
2,4,1,1,1,1,1,1,3,0,0,0,0,0,1,1,108
10,4,0,0,1,0,0,0,2,0,0,0,0,0,0,0,42
7,4,0,0,0,0,0,1,2,1,0,0,0,0,1,0,128
8,3,0,0,1,1,0,1,1,0,1,0,1,0,0,0,189
8,3,1,0,0,0,1,0,3,0,0,0,0,0,0,0,47
4,4,0,1,0,1,0,1,2,0,1,0,1,0,1,0,77
9,2,0,1,0,0,0,0,1,0,0,0,1,0,0,0,30
7,2,0,0,0,0,0,0,3,0,0,0,0,0,0,0,4
7,2,0,1,0,0,0,0,2,0,0,1,0,0,0,0,173
1,2,1,1,1,1,1,1,2,0,0,0,0,1,0,1,40
1,4,1,1,1,1,1,1,3,0,1,0,0,0,0,0,140
7,1,0,0,0,1,0,0,2,0,0,0,0,0,0,0,145
1,3,1,1,0,1,1,1,3,0,0,0,0,0,0,0,156
5,2,0,1,0,0,1,1,1,1,1,0,1,0,1,0,11
2,1,1,1,1,1,1,1,3,0,1,0,0,1,0,0,127
7,2,0,1,0,0,0,0,3,0,0,0,1,0,1,0,124
1,2,1,0,0,1,1,1,1,1,0,0,0,0,0,0,78
2,1,1,1,1,1,1,1,3,0,0,0,0,0,0,0,12
6,3,0,1,0,1,0,1,2,0,1,0,1,0,0,0,176
2,4,0,1,1,1,1,1,3,0,0,0,1,0,1,0,83
7,1,0,0,0,1,0,0,3,0,1,0,0,0,0,0,105
6,2,0,1,1,1,0,1,2,0,1,0,0,0,1,0,24
9,4,0,0,0,1,0,0,2,0,0,0,1,0,1,0,44
8,2,1,0,0,0,0,0,2,0,0,0,0,0,0,0,35
8,2,0,0,0,0,0,0,2,0,0,0,0,0,0,1,37
7,3,0,0,0,0,1,0,2,0,0,0,0,0,1,0,36
4,4,1,1,0,0,1,1,2,0,1,0,1,1,1,0,162
4,2,0,0,0,1,0,1,3,0,1,0,1,0,1,0,75
1,2,1,1,1,1,1,1,1,0,0,0,0,0,0,0,12
4,1,0,1,0,1,0,1,1,0,1,1,1,1,1,0,59
4,1,0,0,0,1,0,1,3,0,1,0,1,0,1,0,75
2,3,1,1,1,1,1,1,2,0,1,0,0,0,1,0,140
5,4,0,1,0,1,0,0,3,0,1,0,1,0,1,0,74
2,4,1,1,1,1,1,1,3,0,0,0,0,0,0,0,25
9,2,0,0,0,0,0,0,1,0,0,0,0,0,0,1,37
6,2,0,1,0,1,0,1,1,0,1,0,1,0,0,0,118
3,3,1,0,1,1,1,1,2,1,1,1,1,1,1,1,20
7,3,0,0,0,0,0,1,2,0,0,0,0,0,0,0,154
9,2,0,0,0,1,0,0,3,0,0,1,0,0,0,0,64
6,2,0,1,0,1,0,1,2,1,0,0,0,0,1,1,131
4,4,1,0,0,1,0,1,2,0,1,0,0,1,1,0,135
4,2,1,1,0,1,1,1,3,1,1,0,1,1,1,0,109
4,1,0,1,0,1,0,1,2,0,1,1,1,1,1,0,59
9,1,0,1,0,0,1,0,3,0,0,1,0,0,0,0,173
2,3,1,0,1,1,1,1,1,0,1,0,0,0,0,0,5
4,4,0,1,0,0,0,1,2,1,1,0,1,0,1,0,133
2,3,0,1,1,1,1,1,3,0,0,0,1,1,0,1,40
6,3,0,1,0,1,0,1,3,0,0,0,1,0,1,1,200
3,2,1,0,0,1,1,1,2,1,1,1,1,1,1,1,147
7,2,0,0,0,0,0,0,2,0,0,0,0,0,0,0,102
7,3,0,0,1,1,0,1,3,1,0,0,0,0,0,0,99
6,3,0,1,0,1,1,0,3,0,1,0,1,0,0,1,8
6,2,0,1,0,1,0,1,2,0,1,0,1,0,1,1,94
1,4,1,0,1,1,1,1,3,1,0,0,1,0,0,1,198
2,1,1,1,1,1,1,1,3,1,0,0,0,0,0,0,3
8,3,1,0,0,0,0,0,3,0,1,0,1,0,0,0,79
4,1,0,1,0,1,0,1,2,0,1,0,1,0,1,0,26
3,4,1,1,1,1,0,1,1,1,1,1,1,1,1,1,130
2,4,1,0,1,1,1,1,2,0,0,1,0,0,0,0,104
4,4,0,1,0,1,0,1,2,1,1,0,1,0,1,0,133
6,4,0,1,0,1,0,1,3,0,1,0,0,0,1,1,129
1,2,0,1,1,1,1,1,1,0,0,1,0,0,0,0,178
8,2,0,0,0,0,1,0,2,0,0,0,1,0,0,0,188
8,2,0,0,0,0,0,1,2,0,0,1,0,0,0,0,45
8,2,0,0,0,0,1,0,2,1,0,0,0,0,0,0,32
8,2,1,1,0,0,1,0,2,0,0,0,0,0,0,0,47
9,1,0,0,0,0,1,1,1,1,0,0,0,0,0,0,153
7,1,0,0,0,0,0,0,2,0,0,0,0,0,0,0,102
9,3,0,0,0,0,0,0,3,0,0,0,0,1,0,0,139
9,2,1,1,0,0,0,0,1,0,0,1,1,0,0,0,33
6,3,0,1,0,1,0,1,2,0,1,0,1,0,1,0,77
4,4,0,1,0,1,1,1,2,0,1,1,1,0,0,0,10
5,1,0,1,0,1,0,1,1,0,1,1,1,0,1,0,172
6,2,0,1,1,1,0,1,1,0,1,0,1,0,1,1,94
1,2,1,1,0,0,1,0,2,0,0,0,0,0,0,0,47
7,3,0,1,1,0,0,0,2,0,0,0,0,0,0,1,194
3,4,1,1,1,1,0,1,2,1,1,1,1,1,0,1,62
8,4,0,0,0,0,0,0,2,0,1,0,1,1,0,0,106
4,2,0,1,0,1,0,1,1,1,1,0,1,0,0,0,144
2,4,1,1,1,1,1,1,3,0,0,0,0,0,0,0,25
6,1,0,1,0,1,0,1,2,0,1,0,0,0,1,0,143
3,2,0,1,1,1,1,1,1,1,1,1,1,1,1,1,141
9,2,0,0,0,0,1,0,3,0,0,0,0,0,0,0,188
2,1,0,1,0,1,1,1,3,0,1,0,0,0,0,0,143
6,1,0,1,0,1,0,0,3,0,1,0,1,0,0,0,21
2,4,1,0,1,1,0,1,3,0,0,1,0,0,0,0,104
9,1,0,0,0,0,1,0,2,0,1,0,0,0,1,0,60
3,3,1,1,1,1,0,1,1,1,1,1,1,1,1,1,130
3,4,1,0,1,1,1,1,3,1,1,1,0,1,1,1,126
6,2,1,1,0,1,0,1,2,0,1,0,0,0,1,0,135
4,2,0,1,0,0,0,1,1,0,1,0,1,1,0,0,182
2,1,1,1,0,1,1,1,3,0,0,0,1,0,0,0,54
10,3,1,0,0,0,0,0,1,0,0,1,0,0,0,0,64
2,2,1,1,0,1,1,1,3,0,0,0,0,0,0,0,156
8,3,0,0,0,0,0,0,2,0,0,0,0,0,0,0,27
7,4,0,0,0,0,0,0,3,0,0,0,0,0,0,0,16
8,3,1,0,0,0,0,0,3,0,0,0,0,0,0,0,35
1,1,1,1,1,1,1,1,3,0,0,0,0,0,0,1,113
1,2,1,1,0,1,1,1,2,0,0,1,0,0,1,0,120
6,3,0,1,1,1,0,1,1,0,1,0,1,1,1,0,17
5,2,0,0,0,1,0,1,1,0,1,0,1,0,1,0,75
2,4,1,1,0,1,1,0,2,0,0,0,0,0,0,0,156
3,3,1,1,1,0,1,1,1,1,1,0,0,0,1,1,190
10,3,0,0,0,0,1,1,1,0,0,0,1,0,0,0,67
6,3,0,1,0,1,1,1,1,0,1,0,1,0,1,0,2
1,2,0,0,0,1,1,1,2,1,0,0,0,0,0,0,153
7,1,1,0,0,0,1,0,1,1,0,0,0,0,0,1,163
10,4,1,0,0,0,0,0,3,0,0,0,0,0,0,0,112
6,4,0,1,0,1,1,0,3,0,1,0,1,0,1,0,186
6,3,0,1,0,1,0,1,3,0,1,0,1,1,1,1,191
9,4,1,0,0,0,0,0,2,0,0,1,1,0,0,0,185
10,4,0,0,0,0,0,0,3,1,1,0,0,0,0,0,68
5,3,0,1,0,1,0,1,1,0,1,0,1,0,1,0,77
5,2,0,1,0,1,0,1,3,0,0,1,1,0,1,0,89
6,3,0,1,0,0,0,1,3,1,0,0,1,0,1,0,133
2,4,1,1,1,1,1,1,3,0,0,0,0,0,0,0,25
6,1,0,1,0,1,1,1,3,0,1,0,1,0,1,0,81
7,2,0,0,0,1,0,0,3,0,0,1,0,0,0,1,46
9,2,0,0,0,1,0,0,1,0,0,0,0,0,1,1,37
2,1,1,1,1,0,1,1,1,0,0,0,1,0,0,0,193
2,4,1,1,1,1,0,1,3,0,0,0,0,0,0,0,25
7,4,0,1,0,0,0,0,3,0,0,0,0,1,0,0,139
6,4,0,1,1,0,0,1,3,0,0,0,1,0,1,0,9
7,4,0,0,0,0,1,0,3,0,1,0,0,0,1,0,36
8,2,0,1,0,0,0,0,2,0,0,0,0,0,0,0,30
2,1,1,1,1,1,0,1,2,0,0,0,0,0,1,0,38
3,4,1,1,1,1,1,1,3,0,1,1,1,1,0,1,114
2,2,0,1,0,1,1,1,3,0,1,0,0,0,0,1,8
6,3,1,1,0,1,0,0,1,0,1,0,1,0,0,1,28
6,4,0,1,0,1,0,0,1,1,1,0,1,1,1,0,159
3,4,1,1,0,1,1,1,1,1,0,1,1,1,1,1,93
5,1,0,1,1,1,0,1,1,0,1,0,1,0,1,0,41
1,3,1,1,1,1,1,1,3,0,0,0,0,0,1,0,83
2,4,0,1,1,1,1,1,2,0,0,0,0,1,0,0,49
5,2,0,1,0,1,1,1,1,1,1,0,1,0,1,0,11
10,4,0,0,0,1,1,0,3,0,0,1,0,1,0,0,179
8,2,0,1,0,0,0,0,1,0,1,0,0,0,1,1,73
6,3,0,1,0,0,0,0,3,0,0,0,1,0,1,0,124
7,4,0,0,1,0,1,0,3,0,0,0,0,0,0,0,42
7,1,0,0,1,0,1,0,3,0,0,0,1,1,0,0,119
8,4,0,0,0,0,0,0,3,0,0,0,1,1,0,0,106
4,3,0,1,0,0,0,1,3,0,1,0,1,0,1,0,87
6,3,0,1,0,1,0,1,2,0,1,0,1,0,0,0,176
6,2,0,1,0,1,1,1,3,1,1,1,1,0,1,0,71
1,2,1,1,1,1,1,1,2,0,0,0,0,0,0,0,12
8,2,0,0,0,0,0,0,1,0,1,0,0,0,0,0,110
1,3,1,1,1,1,1,1,3,0,0,0,0,0,0,0,25
6,2,0,1,0,1,0,0,2,0,1,0,1,0,1,1,73
6,1,0,1,1,1,0,1,2,0,1,1,1,0,1,0,172
1,1,1,1,1,1,1,1,3,0,0,0,1,1,1,0,127
1,4,0,1,1,1,1,1,1,0,0,0,0,0,0,0,178
6,4,0,1,0,1,0,1,1,0,1,0,1,0,1,1,28
7,4,0,0,0,0,0,0,3,0,0,0,0,0,0,0,16
9,1,1,0,0,0,0,0,3,0,0,0,0,0,0,0,35
7,2,0,0,1,0,0,0,3,0,0,0,0,0,0,0,122
2,4,1,1,0,0,1,1,3,0,0,0,0,0,1,0,83
9,4,0,0,0,0,1,0,2,0,0,0,0,0,0,0,160
4,2,0,1,0,1,0,1,2,0,1,0,1,1,1,0,17
5,2,0,1,0,1,1,1,1,0,1,0,1,0,1,0,2
2,4,1,1,1,1,1,1,3,0,0,1,0,1,0,1,117
5,4,0,1,0,1,0,1,2,0,1,0,0,0,0,0,176
2,2,1,1,1,1,0,1,3,0,0,0,0,0,1,0,38
1,3,1,1,1,1,1,0,2,1,0,0,0,0,0,0,125
9,1,0,0,0,0,0,0,3,1,0,0,0,1,0,0,85
1,1,1,1,1,1,1,1,2,0,0,1,0,0,0,1,48
2,2,0,1,0,1,1,0,3,1,0,1,0,0,0,0,32
1,4,1,1,1,1,1,1,1,0,0,0,0,0,0,0,29
6,4,0,0,0,1,0,1,3,0,1,0,1,0,1,0,57
9,2,1,0,0,0,0,0,3,0,0,0,0,0,0,1,22
7,1,0,0,0,0,0,0,3,0,1,0,0,0,0,1,19
7,4,0,0,1,0,0,0,1,0,0,0,1,0,0,0,169
2,2,1,0,1,1,1,1,2,0,0,0,0,0,0,0,12
4,2,0,1,0,1,0,0,2,0,1,0,1,1,1,0,181
7,3,0,0,0,0,0,0,2,0,0,0,0,1,0,1,171
1,3,1,0,1,1,1,1,2,0,0,0,0,0,0,0,5
8,4,0,0,0,0,0,0,3,1,0,0,0,0,0,0,68
10,2,0,0,0,0,0,0,1,0,0,1,0,0,0,0,64
4,1,0,1,0,1,0,1,1,0,1,0,1,0,1,0,26
2,4,1,1,1,1,1,1,1,0,1,0,0,0,0,0,140
10,1,0,0,0,0,0,0,1,0,0,0,0,0,0,0,102
4,1,0,1,0,0,0,1,2,0,1,0,1,0,1,0,87
10,4,0,1,1,0,0,0,3,0,0,0,0,0,0,0,142
7,4,1,0,0,0,0,0,3,1,0,1,0,0,1,0,192
2,1,1,1,1,1,1,1,1,0,0,0,0,0,0,0,12
8,2,0,0,0,0,0,0,1,0,0,0,0,0,0,1,37
4,4,0,1,1,0,0,0,2,1,1,1,1,0,0,0,151
2,1,1,1,1,1,1,1,2,1,1,1,1,0,0,0,98
3,2,1,1,1,1,1,1,1,1,1,1,1,1,1,1,141
4,4,0,1,0,1,0,1,1,0,1,0,1,0,1,0,77
4,1,0,0,0,0,0,1,1,0,1,0,1,0,1,0,75
1,3,1,1,0,1,1,1,3,0,0,0,1,0,0,0,156
9,3,0,0,0,0,0,1,3,0,0,0,0,0,0,0,16
8,3,0,0,0,1,0,0,3,0,0,0,0,0,0,0,145
2,3,1,1,1,1,1,1,3,0,1,1,1,0,0,0,104
3,1,1,1,1,0,1,1,3,1,1,1,1,1,1,1,134
6,1,1,1,0,0,0,1,2,0,0,1,0,0,1,0,120
1,2,0,1,1,1,1,1,1,0,0,0,0,0,0,0,178
8,4,0,0,0,0,0,0,1,0,0,0,0,0,0,0,18
1,2,1,1,1,0,1,1,2,0,0,0,1,0,0,0,193
2,1,1,1,1,1,1,1,1,0,0,0,0,0,0,0,12
2,3,0,1,1,1,1,1,3,0,0,0,0,0,0,0,53
10,2,0,0,0,0,0,1,2,0,0,0,0,0,0,1,138
4,2,1,1,0,1,0,1,3,0,1,0,1,0,1,0,34
3,2,1,1,1,1,1,1,1,0,1,1,1,1,1,1,56
10,1,0,1,0,0,0,1,3,0,0,0,0,0,0,1,138
2,4,0,1,1,1,1,1,3,0,0,0,0,1,0,0,49
3,1,1,1,1,1,1,1,3,1,1,1,0,1,1,1,7
8,4,0,0,0,0,0,0,2,0,0,0,0,0,0,1,69
10,4,0,0,0,0,0,0,3,0,0,1,0,0,0,0,137
5,4,0,1,1,1,1,1,2,0,0,0,0,0,1,0,83
1,1,0,1,1,1,1,1,2,0,0,0,0,0,0,0,53
7,1,1,1,0,1,1,1,3,0,0,1,0,0,0,0,132
7,4,0,0,0,0,0,1,3,0,0,0,0,1,0,0,31
5,2,1,1,0,1,0,1,3,1,1,1,1,0,1,0,71
4,2,0,0,0,1,0,0,3,0,1,0,1,0,1,1,73
5,2,1,1,0,1,0,1,3,0,1,0,1,0,1,0,34
6,4,0,0,0,1,1,1,1,0,0,1,1,0,1,0,10
6,2,0,1,0,1,0,1,3,0,1,1,1,0,1,0,89
9,3,0,0,1,0,0,0,3,0,1,0,0,0,0,0,79
2,2,1,1,0,1,1,1,3,1,0,0,0,0,1,0,3
9,4,0,1,0,0,1,0,2,1,0,0,0,0,0,0,32
10,1,0,0,0,0,0,0,3,1,0,1,1,1,0,0,52
3,4,1,1,1,1,1,0,1,1,1,1,1,1,1,1,187
3,4,0,1,1,1,0,1,2,1,1,1,0,1,1,1,152
1,2,1,1,1,1,1,1,2,0,0,0,0,1,0,0,127
1,1,1,1,1,1,1,1,3,0,0,0,0,0,0,0,12
8,4,0,0,0,0,0,1,2,0,0,0,0,0,0,0,154
1,1,0,1,1,1,1,1,3,0,0,0,0,1,0,0,127
3,1,1,1,1,1,0,1,3,1,0,1,0,1,1,1,7
10,4,0,0,0,0,0,1,1,0,0,0,0,0,0,0,154
6,4,0,1,0,1,0,1,3,1,1,0,1,0,1,0,133
1,1,1,1,1,1,1,1,3,0,0,0,0,0,0,0,12
7,4,0,0,0,0,1,0,1,0,0,0,0,0,0,0,160
6,3,1,1,0,1,0,1,2,1,1,0,1,0,1,0,11
2,1,1,0,1,1,1,1,2,0,0,0,0,0,0,0,12
9,1,0,0,0,0,0,1,3,1,0,0,0,1,0,0,85
4,2,0,0,0,0,0,1,1,0,1,0,1,1,1,1,170
7,4,0,0,0,0,0,0,2,1,1,0,0,0,0,0,68
6,1,0,1,0,1,1,1,3,0,1,0,1,0,1,1,94
7,4,0,0,0,0,0,0,3,0,0,0,0,1,1,1,97
10,2,1,0,0,0,0,0,3,0,1,0,0,0,0,0,79
4,1,0,1,0,1,0,1,3,0,1,0,1,1,1,0,51
4,1,0,1,0,1,0,0,2,0,1,0,1,0,1,0,177
2,4,1,1,1,1,1,1,2,0,0,0,0,0,0,1,82
7,4,0,0,0,0,0,1,3,0,0,0,1,0,0,0,67
7,1,0,0,0,0,1,0,2,0,0,0,1,0,1,1,80
9,1,0,0,0,0,0,0,2,0,0,0,1,0,0,0,67
5,3,0,1,0,1,0,1,1,0,1,1,1,1,1,0,59
1,3,1,1,0,1,1,1,1,0,0,0,0,0,0,1,82
1,3,1,0,1,1,1,0,2,0,1,1,0,0,0,0,183
1,4,1,1,1,0,1,1,3,1,0,0,0,0,0,0,78
4,4,0,1,0,1,0,1,2,0,1,0,1,0,1,0,77
6,4,0,1,1,1,0,1,1,0,1,0,0,0,1,0,24
8,4,0,0,1,0,0,0,3,0,0,0,0,0,1,0,42
6,2,0,1,1,1,1,1,2,0,1,0,1,0,1,1,58
10,4,0,0,0,0,1,0,3,0,0,0,1,0,0,0,160
2,3,1,1,1,1,1,1,2,0,0,1,0,0,0,0,48
6,3,0,1,0,1,0,1,2,0,0,0,1,0,1,0,9
6,3,0,1,0,1,0,1,3,0,0,0,0,0,1,0,9
6,2,0,1,0,1,0,1,2,1,1,0,1,0,1,0,11
10,4,0,0,0,0,0,0,3,0,0,0,1,0,1,0,55
7,3,0,0,0,0,0,0,1,0,0,0,0,0,0,0,18
1,2,1,0,1,1,1,1,2,0,0,0,0,0,0,0,12
9,1,0,0,0,0,0,0,2,0,0,0,0,0,0,1,37
2,4,1,1,1,1,0,1,3,0,0,0,0,0,0,0,25
5,4,0,1,1,1,0,1,3,0,1,0,0,0,1,0,24
6,3,0,1,1,1,0,0,2,0,1,0,1,0,1,0,41
9,1,0,0,0,1,0,0,3,0,1,0,0,0,0,0,105
10,1,1,0,1,0,0,1,3,0,0,0,0,0,0,0,111
4,4,0,1,0,1,0,1,2,0,1,0,1,0,0,0,176
4,1,0,1,0,1,0,1,3,1,1,0,1,0,1,0,11
4,1,0,1,0,1,1,1,2,0,1,0,1,0,0,0,81
6,4,1,1,0,1,0,1,1,1,1,1,1,0,1,0,71
7,3,1,0,0,1,0,0,2,0,0,0,0,0,1,0,66
9,1,0,0,0,0,1,1,2,0,0,0,0,0,0,0,153
7,1,0,1,0,1,0,0,2,0,0,0,1,0,0,0,21
1,2,0,1,1,0,1,1,3,0,1,0,0,1,0,0,180
5,3,0,0,1,1,0,1,1,0,0,1,0,0,1,0,107
6,4,0,1,0,1,0,0,1,0,1,0,1,0,1,0,44
6,3,0,1,1,1,0,1,3,0,1,0,1,0,1,0,41
4,1,0,1,1,1,0,1,2,0,1,0,1,0,1,0,41
1,2,1,1,1,1,1,1,2,0,0,0,0,0,0,0,12
4,2,0,1,0,0,0,0,3,1,1,0,1,0,1,0,159
10,4,1,0,0,0,0,0,1,0,0,0,0,0,0,0,112
9,1,0,0,0,0,0,0,2,0,0,0,0,0,0,0,102
8,3,0,0,0,0,0,1,1,0,0,0,0,0,0,0,154
6,3,1,1,0,1,0,1,3,0,0,0,0,0,1,0,135
2,1,1,1,1,1,1,1,3,0,0,0,0,0,0,0,12
4,2,1,1,0,1,0,1,1,0,0,1,0,0,0,0,61
2,4,1,1,1,1,1,1,3,0,0,0,0,0,0,0,25
9,1,0,0,0,0,0,1,1,0,0,0,0,0,1,1,138
6,4,0,1,0,1,0,1,3,0,1,0,1,0,1,0,74
5,2,0,0,1,1,0,0,1,0,1,0,1,1,1,0,17
2,3,1,1,1,1,1,1,2,0,0,0,1,0,0,0,54
3,3,1,1,0,0,0,1,3,1,1,1,1,1,1,0,71
10,3,1,0,0,0,0,0,1,0,1,1,0,1,0,0,52
1,3,1,1,0,0,0,0,3,0,0,1,0,0,1,0,192
3,4,1,1,1,1,1,1,2,1,1,1,1,1,1,1,20
2,4,1,1,1,1,1,1,3,0,1,0,1,1,0,0,49
2,1,1,1,1,0,1,1,3,0,0,0,0,0,0,0,95
3,3,1,1,1,1,0,1,3,1,1,1,1,1,1,1,62
4,1,1,0,1,1,0,1,3,0,1,0,0,0,1,0,24
2,3,1,1,0,1,1,1,1,0,0,0,0,0,0,0,157
2,2,1,1,1,0,1,0,3,0,0,0,0,0,0,0,6
7,4,0,0,0,0,1,1,3,0,0,0,0,1,0,0,31
9,1,0,0,0,1,0,0,3,1,0,0,0,0,1,1,39
4,1,1,1,0,0,0,1,1,0,1,0,1,0,1,1,14
2,2,0,1,1,0,1,1,3,0,0,1,0,0,0,0,23
5,1,0,1,0,1,0,0,1,0,1,0,1,0,1,0,177
6,1,0,1,0,1,0,0,2,0,1,0,1,0,1,0,177
10,4,0,1,0,1,0,0,3,0,0,1,0,0,0,0,137
2,2,1,1,1,1,1,1,3,0,1,0,0,0,0,1,168
6,4,0,1,1,0,0,0,3,0,1,1,1,0,1,0,89
9,2,0,0,1,0,0,0,3,0,0,0,0,0,0,0,122
2,4,1,1,1,1,1,1,2,1,0,0,0,0,0,0,78
8,4,0,0,0,0,0,0,1,1,0,0,0,0,0,0,150
9,4,0,0,0,1,0,0,1,1,0,0,0,0,0,0,150
4,2,1,1,0,1,1,1,3,0,1,1,0,0,1,0,120
6,1,0,1,0,1,0,1,2,0,1,1,0,0,0,0,43
6,3,0,1,0,1,0,1,2,0,1,0,1,0,1,0,77
2,1,1,1,1,0,1,1,3,0,0,0,1,0,0,0,193
9,1,0,0,0,0,0,0,2,0,0,0,0,0,0,1,37
5,3,0,1,0,1,0,1,1,0,1,0,1,0,1,1,28
7,4,0,0,0,0,0,0,3,0,0,0,0,1,1,0,97
8,4,0,0,0,0,0,0,1,0,0,0,0,0,0,0,18
5,2,0,1,0,1,0,1,2,0,1,0,1,0,1,0,26
1,2,0,1,1,1,0,1,2,0,0,0,1,0,0,0,41
6,4,0,1,0,1,0,0,1,0,0,0,1,0,1,0,44
6,1,0,0,1,1,0,1,2,0,1,0,1,0,0,0,189
3,1,1,1,0,1,1,1,3,1,1,1,0,1,1,1,7
5,4,0,1,0,1,1,0,1,0,1,0,0,1,1,0,181
8,3,1,0,0,0,1,0,3,0,0,0,0,0,1,0,66
1,4,1,0,0,1,1,1,1,0,0,1,0,1,1,0,120
2,2,1,0,1,1,1,1,3,0,0,0,0,0,0,0,12
7,1,0,0,0,0,0,0,3,0,1,0,0,0,0,0,19
6,2,0,1,1,0,0,1,1,1,1,0,1,0,1,0,91
6,3,0,1,0,1,1,1,2,0,1,1,0,0,1,0,10
5,2,0,0,0,1,1,1,1,0,1,0,1,0,1,1,2
1,2,1,1,1,0,1,1,1,0,0,0,1,0,1,0,193
2,3,0,1,1,1,1,1,1,0,1,0,0,0,0,1,58
4,1,0,1,0,1,0,1,2,0,1,0,1,0,1,0,26
2,3,1,1,0,0,1,1,2,0,0,0,1,0,0,0,193
4,4,0,0,0,1,0,1,2,0,1,0,1,0,1,0,57
4,1,0,1,0,1,0,1,1,0,1,0,1,0,1,0,26
1,1,1,1,0,1,1,1,3,1,1,0,1,0,0,0,144
5,3,0,1,0,1,1,1,1,0,1,0,1,0,0,0,2
2,1,1,1,1,1,0,1,1,0,0,0,1,0,0,0,54
9,2,0,0,0,0,1,0,3,0,0,0,0,0,0,0,188
3,4,1,1,0,1,1,1,2,1,1,1,1,1,1,1,147
10,4,0,0,0,0,0,0,2,0,0,0,0,0,0,0,27
1,4,1,1,1,1,1,0,1,0,0,0,0,0,0,0,29
3,4,1,1,1,1,1,1,3,1,1,1,1,1,1,1,126
4,2,0,1,0,1,0,1,1,0,1,0,1,0,1,0,26
4,1,0,1,0,1,0,1,2,0,1,1,1,1,1,0,59
10,2,0,0,0,0,0,0,1,0,1,0,0,0,0,0,110
6,4,0,1,0,1,0,1,3,1,1,0,1,0,1,1,131
6,2,0,1,0,1,1,1,2,0,1,1,1,0,1,0,10
2,4,1,1,1,1,1,1,1,1,1,0,0,0,0,1,82
7,3,1,0,0,0,0,0,2,1,0,0,0,0,0,0,13
6,4,1,1,0,0,0,1,3,0,1,0,1,0,1,0,115
4,1,0,1,1,1,0,1,2,0,1,0,1,0,1,0,41
9,2,0,0,0,0,1,0,1,0,0,0,0,0,0,0,188
1,4,1,0,1,1,1,1,3,0,0,0,0,0,0,0,25
2,1,1,1,1,1,1,1,3,0,0,0,0,0,1,0,38
4,3,0,0,0,0,0,1,3,0,1,0,0,1,1,0,97
4,2,0,1,0,1,0,0,3,0,1,0,1,0,1,0,177
7,1,1,0,0,1,0,0,1,0,0,0,0,0,0,0,35
5,2,0,1,0,1,0,1,3,0,1,0,1,0,1,1,94
3,2,1,0,1,1,0,1,1,1,1,0,1,1,1,1,15
8,2,0,0,1,1,0,0,2,0,0,0,0,0,0,0,189
4,2,0,0,1,1,0,1,3,0,1,0,1,0,1,0,75
10,2,0,0,0,1,0,1,2,0,0,0,0,0,0,0,63
3,4,0,1,1,1,1,1,3,0,0,1,0,1,0,1,117
1,2,1,1,1,1,1,1,2,0,0,0,0,0,0,0,12
7,3,0,0,0,0,0,0,1,0,1,0,0,0,0,0,110
7,4,0,0,1,1,0,1,2,0,1,1,0,0,0,0,45
10,2,0,0,0,0,0,0,1,0,0,0,0,0,0,0,18
4,1,0,1,0,1,0,1,3,0,1,0,0,0,1,0,143
2,4,1,0,0,1,0,1,2,1,0,0,0,0,0,0,150
10,4,0,0,0,0,0,0,1,0,0,0,0,0,0,0,18
5,4,0,0,1,1,0,0,3,0,0,0,1,0,1,0,42
6,1,0,1,0,1,1,1,2,0,1,0,1,0,1,1,94
4,1,0,1,0,1,0,1,1,0,1,0,1,0,1,0,26
10,2,0,0,0,0,0,0,3,0,1,0,0,1,0,1,171
9,2,0,0,0,0,0,0,2,1,0,0,0,0,0,0,13
5,1,0,1,0,0,0,1,3,0,1,0,1,0,1,0,87
1,1,1,1,1,1,1,1,2,0,0,0,1,0,0,0,54
5,3,0,1,0,1,0,1,1,0,0,0,1,0,0,0,118
1,2,0,1,1,1,1,1,1,0,0,0,0,0,0,1,58
9,2,1,0,0,0,0,0,1,0,0,0,0,0,0,0,35
9,4,0,1,0,0,0,0,2,0,0,0,0,0,0,1,194
10,4,0,0,0,1,0,0,2,0,0,0,0,0,0,0,145
10,3,0,0,0,0,0,0,1,0,0,0,0,0,1,0,184
5,2,0,0,0,1,0,1,2,0,1,1,1,1,1,0,59
10,2,1,1,0,0,0,0,1,0,0,0,0,0,0,0,30
6,4,0,1,0,1,0,1,1,0,1,0,1,0,1,0,77
1,3,1,0,1,1,1,1,2,0,0,0,1,0,1,0,54
1,4,1,1,1,1,1,1,1,0,0,0,0,0,0,0,29
7,4,0,0,0,0,0,0,2,0,0,0,0,0,0,0,27
6,2,0,1,0,0,0,1,2,0,1,0,1,0,1,0,87
5,4,0,1,0,0,0,1,1,0,1,0,1,1,1,1,170
8,4,0,0,0,0,0,1,3,0,1,0,0,0,0,0,79
6,3,0,1,0,1,0,1,2,0,1,0,1,0,1,0,77
10,4,0,0,0,0,0,0,2,0,0,0,0,0,0,0,27
1,4,1,1,1,1,1,1,1,0,0,0,0,0,0,0,29
8,4,1,0,0,1,0,0,2,0,0,0,0,1,0,0,139
3,2,1,1,1,1,1,1,2,1,1,1,1,1,0,1,141
8,4,0,1,0,0,0,0,2,0,0,0,0,0,0,1,194
6,2,0,1,0,1,1,1,2,0,1,0,1,0,0,1,8
9,3,1,0,0,0,0,0,3,1,0,0,0,0,0,1,149
8,4,1,0,0,0,0,0,3,0,0,1,0,1,0,0,179
3,3,1,1,1,1,1,1,3,0,1,0,1,1,1,1,114
10,4,0,1,1,1,0,0,2,1,0,0,0,0,0,0,125
4,2,0,0,1,1,0,1,1,1,1,0,1,1,1,0,91
2,3,1,1,1,1,1,1,1,0,0,1,0,0,0,0,48
8,2,0,0,0,1,0,0,1,0,0,0,0,0,0,1,37
1,3,1,1,0,0,1,1,3,0,0,0,0,0,0,0,165
4,2,1,1,1,1,0,1,2,0,1,0,1,0,1,0,34
9,1,1,0,1,0,0,0,1,0,0,1,0,0,0,0,111
4,1,0,1,0,1,1,1,3,0,1,0,1,1,1,0,51
10,1,0,1,0,0,1,0,3,1,0,0,0,1,0,0,32
7,4,0,0,0,0,0,0,2,0,0,0,0,0,1,0,184
4,4,0,1,0,1,0,1,2,0,0,1,1,0,1,0,89
1,3,0,1,1,1,1,1,1,1,0,0,0,0,0,0,78
1,4,1,0,1,1,1,1,3,1,0,1,0,0,0,0,104
6,2,0,1,0,1,0,1,1,0,1,0,1,1,1,0,17
7,2,1,1,0,0,0,0,3,0,1,0,0,0,0,1,22
2,2,1,1,1,1,1,1,2,0,0,0,0,0,1,0,38
9,2,0,0,0,0,0,0,1,0,0,0,0,0,0,0,18
10,2,1,0,0,1,0,1,1,0,0,0,0,0,1,0,63
3,3,1,1,1,0,1,1,1,0,1,0,0,0,1,1,58
9,1,0,0,0,1,0,0,3,0,0,0,0,0,0,0,145
5,4,0,0,0,1,0,0,2,0,1,0,0,0,0,0,105
9,4,0,0,0,0,1,0,2,0,0,0,0,0,1,0,36
6,3,0,0,0,1,0,1,2,0,1,0,1,0,1,1,200
6,4,0,1,0,1,1,1,3,0,1,0,1,0,1,0,186
7,4,0,0,1,0,0,1,3,0,0,0,0,0,0,1,138
8,4,0,0,0,0,0,0,1,0,0,0,0,0,1,0,184
9,2,0,0,0,0,0,0,2,1,0,0,0,0,0,0,13
7,4,1,0,0,1,0,0,3,0,0,1,0,1,0,1,179
9,1,0,0,0,0,0,0,3,0,0,0,0,0,0,0,4
4,1,0,1,0,0,0,1,1,0,1,1,1,1,1,0,59
8,3,0,1,0,0,0,0,1,0,0,0,0,0,1,0,30
3,3,1,1,1,1,1,1,3,1,1,1,1,1,1,1,126
1,2,1,1,1,1,1,1,2,0,0,0,1,0,0,0,54
6,1,0,1,0,0,0,1,2,0,1,0,1,1,1,0,182
3,1,1,1,1,1,1,1,3,1,1,1,1,1,0,1,134
9,4,0,1,0,0,0,0,2,0,0,0,1,0,1,0,124
3,3,1,0,0,1,1,1,1,1,0,1,1,1,1,1,147
4,4,0,1,0,1,0,0,2,0,1,0,1,0,1,0,44
5,4,0,1,0,1,0,1,2,0,1,0,1,0,1,0,77
10,2,0,0,0,0,0,0,1,0,0,0,0,0,0,0,18
9,3,0,0,0,0,0,0,3,0,0,0,1,1,0,0,106
1,4,1,1,0,1,0,1,3,0,1,0,0,1,0,1,191
6,4,0,1,0,1,1,1,3,0,1,0,1,0,0,0,167
7,3,0,0,0,0,0,0,2,0,0,0,0,0,0,0,27
9,2,0,0,0,0,0,0,1,0,1,0,0,0,0,0,110
4,2,0,1,0,1,0,1,3,0,1,0,1,0,1,0,74
7,1,0,0,0,0,0,0,1,0,0,1,1,1,0,1,155
7,2,1,0,0,0,0,1,3,0,0,0,1,0,0,1,22
5,4,1,1,0,1,0,1,2,0,1,1,1,0,1,1,28
9,1,1,0,0,0,0,0,2,1,1,0,0,1,1,1,171
6,1,0,1,0,1,0,1,2,1,1,1,0,0,1,0,71
4,1,1,1,0,1,0,0,1,1,1,0,1,0,1,1,73
5,4,0,0,0,1,0,1,3,1,1,0,1,1,1,0,109
2,4,1,1,1,1,1,1,3,1,0,0,0,0,0,0,78
10,4,0,1,0,0,0,0,3,0,1,0,0,1,0,0,97
3,4,1,1,1,1,1,1,3,1,1,0,1,1,1,1,15
10,3,0,0,0,0,0,0,1,1,0,0,0,1,0,0,86
6,2,0,1,0,1,0,1,2,0,1,0,0,0,1,0,143
10,4,0,0,1,0,0,0,2,0,0,0,0,0,0,1,69
4,1,0,1,0,1,0,1,3,0,1,0,1,0,1,1,94
6,3,0,1,0,1,0,1,3,0,1,0,1,0,1,0,74
10,1,0,0,0,0,0,0,3,0,0,0,0,1,0,1,171
6,2,0,1,0,1,0,1,2,0,1,0,0,0,1,0,143
1,2,1,1,1,1,1,0,2,1,0,0,0,0,0,1,125
3,3,1,1,0,1,0,0,1,1,0,1,1,1,1,1,130
7,2,0,0,0,1,0,0,2,0,0,1,0,0,0,0,64
1,3,0,1,0,1,1,1,2,1,1,0,0,0,0,0,116
9,2,0,0,1,0,0,0,3,0,0,0,0,0,0,0,122
5,1,1,1,0,1,0,1,3,1,1,1,0,0,1,0,71
8,2,0,0,0,0,0,0,1,0,0,0,0,0,0,0,18
10,4,0,0,0,0,0,0,2,1,0,0,0,0,0,0,68
4,4,0,1,0,1,0,1,2,0,1,0,1,0,1,1,200
2,1,0,0,1,1,1,1,3,0,0,0,0,0,0,0,53
9,2,0,0,0,0,0,1,1,0,0,0,0,0,0,0,154
3,2,1,1,1,1,1,0,1,1,1,1,1,1,1,1,187
8,1,0,0,0,0,0,0,3,0,1,0,0,0,0,0,19
7,4,0,1,0,0,0,1,1,0,0,0,1,0,0,0,100
7,4,0,0,0,0,1,0,3,0,0,0,0,0,0,0,160
3,4,1,0,1,0,1,1,1,1,1,1,1,1,1,0,175
4,1,0,0,0,1,0,1,1,1,1,0,1,0,1,0,11
5,4,0,1,0,1,0,1,3,0,1,1,0,0,1,0,43
10,4,0,0,0,0,0,0,3,1,1,0,0,0,1,0,68
10,4,0,1,1,0,0,0,3,0,1,0,0,1,0,0,1
3,2,1,1,1,1,1,1,1,0,1,1,1,1,0,1,56
9,2,0,1,0,0,0,0,3,0,0,0,1,0,0,0,124
1,3,1,1,1,0,1,1,1,0,0,0,0,0,0,0,95
2,1,1,1,1,1,0,1,1,0,0,0,0,0,1,0,38
9,2,0,0,0,1,0,0,3,0,0,0,0,0,0,0,145
6,3,0,1,0,1,1,1,3,0,1,0,1,0,1,0,186
4,3,0,1,1,1,0,1,3,0,1,0,0,0,1,0,24
9,2,0,0,0,0,0,1,3,0,0,0,0,0,0,0,4
10,2,0,0,0,0,0,0,1,0,0,0,0,0,0,0,18
2,2,1,1,1,1,1,1,2,0,1,1,0,0,0,0,48
5,4,0,1,0,1,0,1,3,0,1,0,1,0,1,1,200
10,2,0,1,1,1,0,0,1,0,0,0,1,0,0,0,21
4,3,0,1,1,1,0,1,3,0,1,1,1,1,1,0,59
7,2,0,0,0,0,1,0,2,0,0,0,0,0,0,1,80
3,3,1,1,1,0,1,1,1,1,1,1,1,1,1,1,141
7,4,1,0,0,0,0,0,3,0,0,0,0,0,0,0,112
3,3,1,1,0,1,1,1,2,1,1,1,0,1,1,1,147
6,2,0,1,0,1,0,1,2,0,1,0,1,0,1,0,26
6,4,0,1,0,1,0,0,3,0,1,0,1,0,1,1,200
2,1,1,1,1,1,1,1,3,0,0,1,0,0,0,0,132
4,4,1,1,0,1,0,1,2,0,1,0,1,0,1,0,115
2,3,1,1,0,1,0,1,1,0,1,0,0,0,0,0,135
8,4,0,0,0,0,0,0,2,0,0,0,0,0,0,1,69
1,3,0,1,1,1,1,1,3,0,1,0,0,0,0,1,168
4,4,0,1,0,1,0,0,2,0,1,0,1,1,1,0,181
8,3,0,1,0,0,0,0,1,0,0,0,0,0,1,0,30
3,3,1,1,1,1,1,0,1,1,1,1,1,1,1,1,187
4,2,0,1,1,1,0,1,3,0,0,0,1,0,1,0,41
3,4,1,1,1,1,1,1,1,1,1,1,1,1,1,1,20
9,2,0,0,0,0,0,0,3,0,0,0,0,0,1,0,55
4,1,0,1,0,1,1,1,2,0,1,0,1,0,1,0,81
1,2,1,1,1,1,1,1,2,0,1,0,0,0,0,1,168
6,4,1,1,0,0,0,1,1,0,1,0,1,0,1,0,14
1,4,1,0,1,1,1,1,3,0,0,0,0,1,0,0,49
7,1,1,1,0,0,1,0,1,0,0,0,1,0,0,0,193
3,3,0,1,1,1,0,1,2,1,1,1,1,1,0,1,152
2,1,1,1,1,1,0,1,1,0,0,1,0,0,1,0,120
7,1,0,1,0,0,0,0,2,0,0,0,1,0,1,1,73
9,1,0,0,1,1,1,0,1,0,1,0,1,0,0,0,189
10,4,0,0,0,0,0,0,3,0,1,0,1,0,0,0,79
9,2,0,0,0,0,0,0,2,0,0,1,0,0,0,0,64
10,4,0,0,0,0,0,0,3,1,0,0,0,0,1,1,149
6,2,0,1,0,1,0,1,2,0,0,0,0,0,1,0,143
9,2,0,0,0,0,0,0,3,0,0,0,0,0,0,0,4
7,1,0,0,0,1,0,0,2,0,0,1,0,0,1,0,107
3,1,1,1,1,1,1,1,3,1,1,1,1,1,0,1,134
9,2,0,0,1,0,0,0,3,0,1,0,0,0,0,0,122
2,2,1,1,1,1,1,1,2,0,0,0,0,0,1,0,38
8,4,0,0,0,0,1,0,2,1,0,0,0,0,0,0,32
5,2,1,1,1,1,0,0,1,0,1,0,1,0,0,0,21
2,3,1,1,1,1,0,1,1,0,0,0,0,0,0,0,29
3,2,1,1,0,1,1,1,2,0,1,1,0,1,1,1,56
4,1,0,1,0,1,0,1,2,1,1,0,1,0,1,0,11
5,3,0,1,0,1,0,1,1,0,1,1,1,0,1,1,28
10,1,0,0,0,0,1,0,1,0,1,0,0,0,0,0,60
2,2,1,1,1,1,1,1,3,0,0,0,0,0,1,0,38
9,1,0,0,0,0,0,0,1,0,0,0,0,1,0,0,65
8,3,0,0,0,0,0,0,1,0,0,1,0,0,0,1,155
10,3,0,0,0,0,1,0,1,0,1,0,1,0,0,1,80
7,4,0,0,0,0,0,0,2,0,0,0,0,0,0,0,27
7,3,0,0,0,0,0,1,1,0,0,0,0,0,0,0,154
8,1,1,0,0,1,1,0,3,0,0,0,0,0,0,0,47
7,1,0,1,0,1,0,0,3,1,0,0,1,0,0,1,103
9,2,0,0,0,0,0,0,1,0,0,1,0,0,0,0,64
4,2,0,1,0,1,1,0,3,0,1,1,1,0,1,0,10
8,4,0,0,0,0,0,0,3,0,0,0,0,1,0,0,139
6,3,0,1,0,1,0,1,3,0,1,0,1,0,0,0,176
9,4,1,0,0,0,0,0,2,0,0,0,0,0,0,0,112
7,3,0,0,0,0,0,0,3,0,0,0,0,1,1,1,171
10,4,0,0,0,0,0,0,3,0,0,0,0,0,0,0,16
8,2,1,0,0,0,0,0,1,0,0,1,0,1,0,0,52
9,1,0,0,1,1,1,0,2,0,0,0,1,1,0,0,119
7,2,0,0,0,0,0,0,3,0,0,0,0,0,0,0,4
5,4,0,1,0,1,0,1,1,0,1,0,1,0,0,0,118
9,2,0,1,0,0,0,0,3,0,0,1,0,0,0,0,173
7,3,0,0,1,0,0,0,3,1,0,0,0,0,0,0,42
9,3,0,0,0,0,0,0,3,0,0,1,0,0,1,0,192
9,1,1,0,0,1,0,1,1,1,0,1,0,0,0,0,61
1,2,1,1,1,1,1,1,3,0,1,0,0,0,0,0,140
1,4,1,1,1,0,0,1,3,0,0,0,0,0,0,0,76
7,1,0,0,0,0,0,1,3,0,0,0,0,0,0,0,4
8,1,0,1,0,0,0,0,3,0,0,0,1,0,0,0,124
1,4,1,1,1,0,1,1,3,0,0,0,1,0,0,0,95
7,3,1,0,0,0,0,0,2,0,0,0,0,0,0,0,35
7,1,0,0,0,0,1,0,2,0,0,1,0,0,0,1,196
3,4,1,1,1,1,1,1,3,1,1,1,0,1,0,1,126
3,3,1,1,1,1,1,1,1,1,1,1,1,1,0,0,72
3,3,0,1,1,1,1,1,1,1,0,1,1,1,1,1,93
7,4,0,0,0,0,0,0,3,0,0,0,0,0,0,0,16
7,3,0,0,1,0,0,0,3,0,0,0,1,0,0,0,42
7,4,0,0,0,1,0,0,3,0,0,0,0,0,0,1,69
7,2,0,0,0,1,1,1,2,0,0,0,0,1,0,0,50
10,4,0,0,0,0,0,0,2,0,0,0,0,1,0,0,139
7,1,0,0,0,0,0,0,1,1,0,0,0,0,0,0,13
8,3,0,0,0,0,0,1,2,0,0,1,1,0,0,0,67
7,3,0,1,0,0,0,0,2,0,0,0,1,0,0,1,194
8,4,0,1,0,0,0,0,1,0,1,0,0,0,0,0,30
9,2,0,0,0,0,0,0,3,0,0,0,0,0,1,0,55
7,4,0,0,0,0,0,0,3,0,0,0,1,1,0,0,106
10,4,0,1,0,0,0,0,3,1,0,0,0,0,0,0,146
10,1,0,0,0,0,0,0,1,0,0,0,0,0,0,0,102
9,1,1,0,0,0,0,0,1,1,0,0,1,0,1,1,103
9,4,0,0,1,1,0,1,1,1,0,0,1,0,0,0,150
1,4,0,1,0,0,1,1,3,0,0,0,1,0,0,1,8
4,2,1,1,0,0,0,1,2,0,1,1,1,0,1,0,14
6,4,1,1,0,0,0,1,1,0,1,1,0,0,1,0,43
9,3,0,0,0,1,1,0,3,0,0,0,0,0,0,0,145
4,1,0,1,0,1,0,1,1,0,1,0,0,0,1,0,70
5,4,0,0,0,1,1,1,3,0,1,0,1,0,1,0,57
1,1,1,0,1,0,1,1,2,1,1,1,0,0,0,1,197
6,3,0,1,0,1,0,1,2,1,1,1,0,0,1,1,131
7,2,0,0,0,0,1,0,2,0,0,0,0,0,0,1,80
9,1,0,0,0,0,0,0,1,0,0,0,0,0,1,1,37
6,3,0,1,0,1,0,1,2,0,1,0,1,0,1,0,77
2,4,1,0,1,1,1,1,3,0,0,1,0,1,0,0,49
6,4,0,1,0,1,0,1,3,0,1,0,1,0,0,0,176
1,4,1,1,1,1,0,1,3,0,0,1,0,0,0,1,104
6,2,0,1,1,1,0,1,2,0,1,0,1,0,1,0,41
9,2,0,0,0,0,0,0,2,0,0,0,0,0,0,0,102
3,3,1,1,1,1,1,0,1,1,0,1,1,1,1,1,187
10,4,0,0,0,0,0,0,1,1,0,1,0,1,0,0,86
7,2,1,0,1,0,0,1,3,0,0,0,0,0,0,1,92
4,4,0,1,0,1,0,0,2,0,0,0,1,0,1,0,44
9,1,0,0,0,0,0,0,2,0,0,0,0,0,0,0,102
2,2,1,1,1,1,1,1,3,1,0,0,1,0,0,0,3
6,2,0,1,0,1,0,1,2,0,1,0,1,1,1,0,17
1,3,1,1,1,0,0,1,3,0,0,0,0,0,0,0,76
7,1,0,0,0,0,0,0,3,0,0,1,0,0,0,1,196
2,4,0,1,1,1,1,1,2,1,0,0,0,0,0,1,198
3,1,1,1,1,1,1,1,3,1,1,1,1,1,1,0,134
8,3,0,0,0,0,0,0,1,1,0,0,1,0,1,0,128
9,1,0,0,0,0,0,0,1,0,0,0,0,1,0,0,65
8,3,0,0,0,0,0,0,1,0,0,0,0,0,0,0,18
1,3,1,1,1,1,1,1,3,1,0,0,0,0,0,1,198
8,3,0,0,0,0,0,0,1,0,1,1,1,0,0,0,64
6,2,1,1,0,1,0,1,2,0,1,1,1,1,1,0,59
2,3,1,0,1,0,1,1,2,0,0,0,0,0,0,1,92
2,4,0,1,1,1,1,0,2,0,1,0,0,0,0,0,140
1,2,1,1,1,0,1,1,3,0,0,0,0,0,0,0,95
1,2,1,1,1,1,1,1,2,1,0,0,0,0,0,0,3
1,2,1,1,1,1,0,1,2,0,0,0,0,1,0,0,127
1,3,1,1,1,1,1,1,2,0,0,0,0,0,0,0,12
9,1,0,0,0,0,0,0,1,0,0,0,0,0,0,0,102
7,2,0,0,0,0,1,0,3,0,0,0,0,0,1,0,36
6,4,1,0,0,0,1,0,1,0,1,0,1,0,1,0,185
9,2,0,0,1,0,1,1,1,0,1,0,0,0,1,0,60
4,4,0,1,1,0,1,0,2,1,1,0,1,1,1,0,151
10,2,0,0,0,0,0,1,1,0,0,0,0,0,0,0,154
2,4,1,1,1,1,1,0,3,0,0,0,0,1,0,0,49
9,1,0,0,0,0,0,0,3,1,0,1,0,0,0,1,196
5,1,1,1,0,1,1,1,3,0,1,1,1,0,1,0,10
8,4,0,0,0,0,1,0,3,0,0,0,0,0,0,0,160
1,3,1,0,1,0,1,1,3,0,0,0,0,0,0,0,165
1,2,0,1,1,1,1,1,2,0,0,0,0,1,0,0,127
2,4,1,1,1,1,1,1,3,0,0,0,0,0,0,1,108
3,3,1,1,0,1,0,1,1,1,1,1,1,1,1,1,130
9,2,0,0,0,0,1,0,2,0,0,0,0,1,0,0,84
8,3,0,0,0,0,0,0,2,0,0,0,0,0,0,0,27
2,4,1,1,0,1,1,1,3,0,0,0,0,0,0,0,156
1,3,1,1,1,1,0,1,2,1,0,0,0,0,0,0,78
6,3,1,1,0,1,0,1,3,0,1,0,0,0,1,1,129
6,2,0,1,1,1,0,1,2,0,0,0,1,0,1,0,41
4,2,0,1,0,0,0,1,1,0,1,0,1,0,1,0,100
1,2,1,1,1,1,1,0,2,0,0,0,0,0,0,0,158
4,2,0,1,0,0,0,1,1,0,1,0,1,0,0,0,118
3,4,1,1,1,0,1,1,3,1,1,1,1,1,1,1,126
6,4,0,0,0,1,0,1,3,0,1,0,1,0,1,0,57
4,2,0,1,0,0,0,1,1,0,1,0,1,0,0,1,28
6,1,0,1,0,1,1,1,2,0,1,0,1,1,1,1,94
2,1,1,1,1,1,0,1,1,1,0,0,0,0,0,0,78
8,4,0,0,1,0,1,0,3,0,0,0,0,0,0,0,42
9,1,1,1,0,0,1,0,2,1,0,0,0,0,0,0,163
2,4,1,1,1,1,0,1,3,0,0,0,0,1,0,0,49
2,1,1,1,1,1,1,1,2,0,0,1,0,1,0,0,127
4,4,0,0,0,1,0,1,2,0,1,0,1,0,1,0,57
9,3,0,0,0,0,0,1,3,0,1,0,0,0,0,0,79
2,2,1,0,1,1,1,0,3,0,0,0,0,0,1,0,164
2,3,1,1,1,1,1,1,2,0,0,0,1,0,0,0,54
8,3,0,1,0,0,0,0,3,1,0,0,0,0,0,0,146
6,2,0,1,0,1,0,1,2,0,1,0,1,0,1,0,26
6,2,0,1,1,1,0,1,2,0,1,0,1,0,1,0,41
8,1,0,0,0,0,0,0,3,0,0,0,0,1,1,0,65
3,3,1,1,1,1,1,1,3,1,1,1,1,1,1,1,126
6,4,0,1,0,1,0,1,3,0,1,0,1,0,0,0,176
7,3,0,0,0,0,0,0,1,1,0,0,1,0,0,1,103
2,2,1,1,0,1,1,1,3,0,0,0,0,0,0,0,156
10,2,0,0,0,1,0,0,1,0,0,0,0,1,1,0,65
2,4,1,1,1,1,1,1,3,0,0,1,0,1,1,0,49
9,1,0,0,0,0,0,0,3,0,0,0,0,0,0,0,4
1,1,1,1,1,0,1,0,2,0,0,0,0,1,0,1,40
6,3,0,1,0,1,0,1,3,0,1,1,1,0,1,0,89
6,4,0,1,0,1,1,1,1,0,1,0,1,0,1,0,2
3,3,1,1,0,1,1,0,2,1,1,1,1,0,1,1,90
1,4,1,1,1,1,1,1,3,0,0,0,0,0,0,0,25
3,4,1,1,1,1,0,1,2,1,1,1,1,1,1,1,62
5,2,0,1,0,1,0,1,2,0,1,0,1,0,1,0,26
3,4,1,1,1,1,1,1,3,0,1,1,1,1,1,1,114
1,4,0,1,1,0,0,1,1,0,1,0,0,0,0,0,76
6,4,0,0,0,1,0,1,1,0,1,0,1,1,1,0,17
4,4,0,0,0,1,0,1,1,0,1,0,1,0,1,0,77
2,1,1,1,1,0,1,0,1,1,0,0,0,0,0,0,163
9,1,1,0,1,0,0,0,2,0,0,0,0,0,0,0,111
1,1,1,1,1,1,1,0,2,0,0,0,0,0,1,0,164
9,1,0,1,0,0,0,1,1,0,0,0,0,0,0,0,161
1,1,1,1,1,1,1,1,2,0,0,0,0,0,0,0,12
9,1,0,1,0,1,0,0,2,0,0,0,0,0,0,0,145
6,2,0,1,1,1,1,1,1,0,1,0,1,0,1,1,58
7,1,0,0,1,0,0,1,3,0,0,1,0,0,0,0,45
9,2,0,0,0,0,0,0,2,0,0,0,0,1,1,0,65
8,2,0,0,0,0,0,1,2,0,0,0,1,0,0,0,67
1,4,1,0,1,1,1,0,3,0,0,0,0,1,0,0,49
10,2,0,1,0,0,0,0,1,0,1,1,0,0,1,0,33
3,2,1,1,1,1,1,1,1,1,1,0,1,1,1,1,15
10,4,0,1,0,0,0,1,3,0,0,0,0,0,0,0,16
3,4,1,1,1,1,1,0,2,1,1,1,1,1,1,1,187
5,4,0,1,0,1,0,1,3,0,1,1,0,0,1,0,43
3,4,1,1,0,1,1,1,2,1,1,1,1,1,1,1,147
4,4,1,1,0,1,0,1,1,0,1,0,1,0,1,0,77
8,3,1,0,0,0,0,0,3,1,0,0,0,0,0,1,149
5,4,0,1,0,1,0,1,2,1,1,0,1,0,1,0,133
2,1,1,0,1,1,1,0,3,0,0,0,0,0,0,0,158
1,2,0,1,1,1,1,0,2,0,0,0,0,0,0,0,158
8,3,0,0,0,0,0,0,3,0,0,0,0,0,0,0,16
9,2,0,0,0,0,0,1,3,0,1,1,0,0,0,1,196
9,1,0,0,0,0,0,0,2,0,1,0,0,0,0,0,19
6,4,0,1,0,0,0,0,1,0,1,0,1,0,0,0,44
1,4,1,0,1,1,1,1,3,0,0,0,0,0,0,0,25
7,1,0,0,0,0,0,1,1,0,0,1,1,0,0,0,67
6,2,1,1,0,0,0,1,2,0,1,0,1,0,1,0,14
6,1,0,0,1,1,0,0,2,0,1,0,0,0,1,0,189
7,3,1,0,0,0,0,1,1,0,1,0,1,1,0,0,185
10,2,0,0,0,0,1,0,3,0,1,0,0,1,0,1,171
8,2,0,0,0,0,0,0,1,0,0,0,0,0,0,0,18
6,2,0,1,0,0,0,1,2,0,0,1,1,0,1,1,100
5,4,0,1,0,1,0,1,3,0,0,0,1,0,1,0,9
2,4,1,0,1,1,1,1,2,1,0,0,0,0,0,0,78
1,3,1,1,1,1,1,0,2,0,0,0,0,0,1,0,164
5,2,0,1,1,1,0,0,1,0,1,0,1,0,1,0,41
7,4,1,0,0,0,0,0,3,0,0,0,0,0,0,0,112
8,2,0,1,0,1,0,0,2,1,0,0,0,1,0,0,86
10,1,0,0,1,0,0,0,1,0,0,0,0,0,1,0,123
7,1,0,0,0,0,0,0,1,0,0,1,0,0,0,1,196
2,1,1,1,1,0,1,0,2,0,1,0,0,0,0,0,158
7,4,0,0,0,0,0,0,2,0,0,0,0,0,0,0,27
1,1,1,1,1,0,1,1,2,0,0,0,0,0,0,0,95
5,2,0,1,0,1,0,0,2,0,1,0,1,0,1,0,177
7,4,1,0,0,0,0,0,2,1,0,0,0,0,0,0,112
5,4,0,1,0,1,0,1,3,0,1,1,1,0,1,1,200
5,3,0,1,1,1,1,1,1,0,1,1,1,0,1,0,10
2,1,1,1,1,1,1,1,2,1,0,1,1,1,0,0,72
5,4,0,1,0,1,0,1,2,0,1,0,1,0,1,0,77
2,2,1,1,1,0,1,1,2,0,0,0,0,0,0,0,95
1,1,1,1,1,1,1,1,2,0,0,0,0,1,0,0,127
7,4,0,0,1,0,0,1,2,0,0,0,0,0,0,0,42
5,1,0,1,0,1,0,1,3,0,1,0,1,0,1,0,26
2,3,1,0,1,1,1,1,2,0,0,0,1,0,0,0,54
5,2,0,1,0,1,0,1,1,0,1,0,1,0,1,0,26
4,2,0,1,0,0,0,1,1,0,1,1,1,0,1,0,172
9,2,1,1,0,0,0,0,3,0,0,0,0,0,0,0,199
8,4,1,0,0,1,0,0,3,0,0,0,1,0,1,0,66
6,1,0,1,0,1,1,1,3,0,1,0,1,0,0,0,81
8,3,0,1,0,1,0,0,1,0,0,0,0,0,0,0,30
4,1,0,0,0,1,0,1,3,0,1,0,1,0,1,0,75
7,1,0,0,0,0,0,0,1,1,0,0,0,0,0,0,13
8,3,0,0,0,0,0,0,1,0,0,1,1,1,0,1,155
10,3,0,0,0,0,0,0,1,1,0,0,0,1,0,1,86
1,4,1,1,1,1,1,1,3,0,0,0,0,0,0,0,25
10,1,1,0,0,1,0,0,3,0,0,0,0,0,1,1,39
3,4,1,1,1,1,0,1,2,1,0,1,1,1,1,1,93
2,4,1,0,1,1,1,1,3,0,1,0,0,0,0,0,140
2,1,0,1,1,0,1,1,1,0,0,0,0,0,0,0,161
9,1,1,0,1,0,1,0,3,0,0,1,0,0,0,0,148
1,2,1,1,1,1,1,1,2,0,0,0,0,1,0,0,127
3,3,0,1,0,1,1,1,3,1,1,1,1,1,1,1,195
8,1,0,0,0,0,1,0,3,1,0,0,0,0,1,0,128
9,4,0,0,0,0,0,0,1,0,0,1,0,0,1,0,107
1,1,1,0,1,1,1,1,2,0,0,0,1,0,0,0,54
6,2,0,1,1,1,0,1,2,0,1,0,1,0,1,0,41
1,1,0,1,1,1,1,1,3,0,0,0,0,0,0,0,53
8,2,0,1,0,0,0,0,1,0,0,0,0,0,0,0,30
2,4,1,0,1,1,1,1,3,0,0,1,1,0,0,0,104
3,3,1,1,1,1,1,0,1,1,1,0,1,1,1,1,15
3,4,1,0,1,1,1,1,2,1,1,0,0,1,1,0,174
5,4,0,1,1,0,0,1,3,0,1,0,1,0,0,0,176
7,1,0,1,0,0,1,0,1,0,0,0,0,0,1,0,36
3,1,1,1,1,1,0,1,3,1,1,1,1,1,1,1,62
6,4,0,1,0,1,0,1,3,0,1,0,0,0,1,1,129
1,2,1,1,1,1,1,0,3,0,0,0,0,0,0,0,6
1,3,1,1,0,0,1,1,3,0,0,0,0,0,0,0,165
6,3,0,1,0,1,0,1,3,0,1,0,1,1,1,0,51
1,3,1,0,1,1,1,1,3,0,0,0,0,0,1,0,83
5,1,0,1,0,1,0,1,1,0,1,0,1,0,0,0,118
7,2,0,0,0,0,1,0,2,0,0,0,0,0,0,0,188
8,4,0,1,0,0,0,0,2,0,0,1,0,0,0,0,33
1,2,1,1,1,1,1,0,2,1,1,0,0,0,0,0,125
5,1,0,1,1,1,0,1,1,1,1,1,1,0,1,0,91
7,3,0,0,0,0,0,0,3,0,0,0,0,0,0,0,16
9,1,0,0,0,0,0,0,2,0,0,0,1,0,0,0,67
2,4,1,0,0,1,1,1,1,0,0,0,0,0,0,0,5
9,2,0,0,0,0,0,0,2,0,0,0,1,0,1,0,166
4,2,0,1,0,1,0,1,1,0,1,1,1,1,1,0,59
6,3,0,1,0,1,1,0,3,1,0,0,1,0,1,0,159
7,4,0,0,0,0,0,0,1,0,0,0,0,1,0,1,139
3,4,1,1,1,1,1,1,2,1,1,1,1,1,1,0,174
8,4,1,0,1,0,0,0,2,0,0,0,1,0,0,0,169
1,3,0,1,1,1,1,1,3,0,0,0,0,0,1,0,53
6,3,0,1,0,0,0,1,2,1,1,0,1,1,1,0,109
2,3,1,1,1,1,1,1,1,0,0,0,1,0,0,0,54
3,1,0,1,1,1,0,1,3,1,1,1,0,1,1,1,152
8,4,0,0,1,0,0,0,3,0,0,0,0,0,0,0,42
6,4,0,1,0,1,0,1,3,0,1,1,1,0,1,0,89
9,1,0,0,0,0,0,0,2,1,0,0,0,0,0,0,13
6,3,0,1,0,1,0,1,1,0,1,0,1,0,1,1,28
6,2,0,1,0,0,0,0,1,0,0,0,1,1,0,0,182
7,1,0,0,1,0,0,0,1,0,0,1,0,0,0,0,64
5,2,0,1,0,1,0,1,1,0,0,0,1,1,0,0,17
7,2,0,1,0,1,0,0,3,0,0,0,0,0,0,0,145
6,3,0,1,0,1,0,1,3,1,1,0,1,0,1,0,133
